Route,Location,URL,Avg Stars,Num Ratings,Your Stars,Route Type,Rating,Pitches,Length,Area Latitude,Area Longitude
Right Wannabe,Mushroom Boulder > North Mountain > Hueco Tanks > Texas,https://www.mountainproject.com/route/105810999/right-wannabe,1.9,7,-1,Boulder,V0,1,,31.92169,-106.0425
Left Wannabe,Mushroom Boulder > North Mountain > Hueco Tanks > Texas,https://www.mountainproject.com/route/105810994/left-wannabe,1.9,8,-1,Boulder,V1,1,,31.92169,-106.0425
Left of Les,Mushroom Boulder > North Mountain > Hueco Tanks > Texas,https://www.mountainproject.com/route/105810714/left-of-les,2.6,8,-1,Boulder,V2,1,,31.92169,-106.0425
Local Flakes,Mushroom Boulder > North Mountain > Hueco Tanks > Texas,https://www.mountainproject.com/route/105810728/local-flakes,3.2,18,-1,Boulder,V2,1,,31.92169,-106.0425
Twisted,Mushroom Boulder > North Mountain > Hueco Tanks > Texas,https://www.mountainproject.com/route/105953378/twisted,2.0,3,-1,Boulder,V3,1,,31.92169,-106.0425
Crap Arete,Mushroom Boulder > North Mountain > Hueco Tanks > Texas,https://www.mountainproject.com/route/105810983/crap-arete,1.0,1,-1,Boulder,V4,1,,31.92169,-106.0425
Left El Murray,Mushroom Boulder > North Mountain > Hueco Tanks > Texas,https://www.mountainproject.com/route/105810709/left-el-murray,3.7,20,-1,Boulder,V6,1,,31.92169,-106.0425
Center El Murray,Mushroom Boulder > North Mountain > Hueco Tanks > Texas,https://www.mountainproject.com/route/105810720/center-el-murray,3.8,23,-1,Boulder,V6,1,,31.92169,-106.0425
That's Entertainment,Mushroom Boulder > North Mountain > Hueco Tanks > Texas,https://www.mountainproject.com/route/105810980/thats-entertainment,2.0,2,-1,Boulder,V6,1,,31.92169,-106.0425
My Fifteen Minutes,Mushroom Boulder > North Mountain > Hueco Tanks > Texas,https://www.mountainproject.com/route/105810990/my-fifteen-minutes,3.0,4,-1,Boulder,V7,1,,31.92169,-106.0425
Mushroom Roof,Mushroom Boulder > North Mountain > Hueco Tanks > Texas,https://www.mountainproject.com/route/105810703/mushroom-roof,3.9,23,-1,Boulder,V8,1,15,31.92169,-106.0425
Right El Murray,Mushroom Boulder > North Mountain > Hueco Tanks > Texas,https://www.mountainproject.com/route/105810724/right-el-murray,3.2,5,-1,Boulder,V8,1,,31.92169,-106.0425
The Woman With a Hueco in Her Head,Mushroom Boulder > North Mountain > Hueco Tanks > Texas,https://www.mountainproject.com/route/105810987/the-woman-with-a-hueco-in-her-head,2.0,1,-1,Boulder,V10,1,,31.92169,-106.0425
Picnic Jugs,Warm Up Boulder > North Mountain > Hueco Tanks > Texas,https://www.mountainproject.com/route/107075183/picnic-jugs,2.1,7,-1,Boulder,V0- PG13,1,25,31.926,-106.0449
Decent Warm Up,Warm Up Boulder > North Mountain > Hueco Tanks > Texas,https://www.mountainproject.com/route/107152429/decent-warm-up,1.3,11,-1,Boulder,V0-,1,15,31.926,-106.0449
Bumble in the jungle,Warm Up Boulder > North Mountain > Hueco Tanks > Texas,https://www.mountainproject.com/route/114576663/bumble-in-the-jungle,1.5,9,-1,Boulder,V0,1,,31.926,-106.0449
Dumbo,Warm Up Boulder > North Mountain > Hueco Tanks > Texas,https://www.mountainproject.com/route/114576667/dumbo,2.0,5,-1,Boulder,V0,1,,31.926,-106.0449
Elder statesman,Warm Up Boulder > North Mountain > Hueco Tanks > Texas,https://www.mountainproject.com/route/114576673/elder-statesman,1.8,4,-1,Boulder,V0,1,,31.926,-106.0449
Juju wall,Warm Up Boulder > North Mountain > Hueco Tanks > Texas,https://www.mountainproject.com/route/114576678/juju-wall,2.4,11,-1,Boulder,V0,1,,31.926,-106.0449
Loopzilla,Warm Up Boulder > North Mountain > Hueco Tanks > Texas,https://www.mountainproject.com/route/114576682/loopzilla,1.6,6,-1,Boulder,V0,1,,31.926,-106.0449
Big Time,Warm Up Boulder > North Mountain > Hueco Tanks > Texas,https://www.mountainproject.com/route/106100326/big-time,2.5,11,-1,Boulder,V0+,1,,31.926,-106.0449
Tree Killer,Warm Up Boulder > North Mountain > Hueco Tanks > Texas,https://www.mountainproject.com/route/107052286/tree-killer,3.0,2,-1,Boulder,V0+,1,,31.926,-106.0449
Barnstormer,Warm Up Boulder > North Mountain > Hueco Tanks > Texas,https://www.mountainproject.com/route/107063012/barnstormer,2.4,11,-1,Boulder,V1,1,15,31.926,-106.0449
Big shot,Warm Up Boulder > North Mountain > Hueco Tanks > Texas,https://www.mountainproject.com/route/114576686/big-shot,2.0,1,-1,Boulder,V1,1,,31.926,-106.0449
Thunderbird,Warm Up Boulder > North Mountain > Hueco Tanks > Texas,https://www.mountainproject.com/route/105841017/thunderbird,2.5,37,-1,Boulder,V1+,1,15,31.926,-106.0449
The Butter Dish,Warm Up Boulder > North Mountain > Hueco Tanks > Texas,https://www.mountainproject.com/route/105811213/the-butter-dish,2.6,16,-1,Boulder,V2,1,,31.926,-106.0449
Name Dropper,Warm Up Boulder > North Mountain > Hueco Tanks > Texas,https://www.mountainproject.com/route/105810741/name-dropper,2.7,31,-1,Boulder,V3,1,,31.926,-106.0449
Pounding System,Warm Up Boulder > North Mountain > Hueco Tanks > Texas,https://www.mountainproject.com/route/105810746/pounding-system,2.6,11,-1,Boulder,V4,1,,31.926,-106.0449
The Murray Lunge,Warm Up Boulder > North Mountain > Hueco Tanks > Texas,https://www.mountainproject.com/route/106100322/the-murray-lunge,2.5,6,-1,Boulder,V6,1,,31.926,-106.0449
Lughead,Sign of the Cross > North Mountain > Hueco Tanks > Texas,https://www.mountainproject.com/route/108720062/lughead,2.0,48,-1,Boulder,V0-,1,,31.9246,-106.0433
Lugarm,Sign of the Cross > North Mountain > Hueco Tanks > Texas,https://www.mountainproject.com/route/126633184/lugarm,1.0,3,-1,Boulder,V0,1,12,31.9246,-106.0433
Lugleg,Sign of the Cross > North Mountain > Hueco Tanks > Texas,https://www.mountainproject.com/route/200738915/lugleg,1.0,1,-1,Boulder,V0,1,12,31.9246,-106.0433
Postverse,Sign of the Cross > North Mountain > Hueco Tanks > Texas,https://www.mountainproject.com/route/123238482/postverse,2.1,13,-1,Boulder,V1,1,,31.9246,-106.0433
Cathedral Corner,Sign of the Cross > North Mountain > Hueco Tanks > Texas,https://www.mountainproject.com/route/124123856/cathedral-corner,2.9,13,-1,Boulder,V1,1,,31.9246,-106.0433
Spinner,Sign of the Cross > North Mountain > Hueco Tanks > Texas,https://www.mountainproject.com/route/124124016/spinner,1.7,7,-1,Boulder,V1,1,,31.9246,-106.0433
Oh Dam,Sign of the Cross > North Mountain > Hueco Tanks > Texas,https://www.mountainproject.com/route/200752072/oh-dam,1.0,6,-1,Boulder,V1,1,7,31.9246,-106.0433
Rocking Cradle,Sign of the Cross > North Mountain > Hueco Tanks > Texas,https://www.mountainproject.com/route/110033738/rocking-cradle,1.3,1,-1,Boulder,V1,1,,31.9246,-106.0433
Two Percent,Sign of the Cross > North Mountain > Hueco Tanks > Texas,https://www.mountainproject.com/route/112420631/two-percent,2.4,9,-1,Boulder,V2,1,10,31.9246,-106.0433
Subverse,Sign of the Cross > North Mountain > Hueco Tanks > Texas,https://www.mountainproject.com/route/200752137/subverse,1.0,1,-1,Boulder,V2,1,14,31.9246,-106.0433
Crossing Over,Sign of the Cross > North Mountain > Hueco Tanks > Texas,https://www.mountainproject.com/route/124123943/crossing-over,1.6,7,-1,Boulder,V3,1,,31.9246,-106.0433
Proverse,Sign of the Cross > North Mountain > Hueco Tanks > Texas,https://www.mountainproject.com/route/125570117/proverse,2.4,9,-1,Boulder,V3,1,,31.9246,-106.0433
Sign of the Cross,Sign of the Cross > North Mountain > Hueco Tanks > Texas,https://www.mountainproject.com/route/105810762/sign-of-the-cross,3.1,69,-1,Boulder,V3,1,,31.9246,-106.0433
Skimmer,Sign of the Cross > North Mountain > Hueco Tanks > Texas,https://www.mountainproject.com/route/106299927/skimmer,2.9,5,-1,Boulder,V3,1,10,31.9246,-106.0433
The Thin White Line,Sign of the Cross > North Mountain > Hueco Tanks > Texas,https://www.mountainproject.com/route/113881212/the-thin-white-line,1.6,211,-1,Boulder,V3,1,11,31.9246,-106.0433
Perverse,Sign of the Cross > North Mountain > Hueco Tanks > Texas,https://www.mountainproject.com/route/123356421/perverse,2.4,15,-1,Boulder,V4,1,,31.9246,-106.0433
Sign of the Boss,Sign of the Cross > North Mountain > Hueco Tanks > Texas,https://www.mountainproject.com/route/200465789/sign-of-the-boss,1.0,1,-1,Boulder,V4,1,15,31.9246,-106.0433
Adverse,Sign of the Cross > North Mountain > Hueco Tanks > Texas,https://www.mountainproject.com/route/200752116/adverse,2.0,1,-1,Boulder,V4,1,14,31.9246,-106.0433
Sign Of The Simmons,Sign of the Cross > North Mountain > Hueco Tanks > Texas,https://www.mountainproject.com/route/106393161/sign-of-the-simmons,2.0,5,-1,Boulder,V5,1,,31.9246,-106.0433
Perverse Cowgirl,Sign of the Cross > North Mountain > Hueco Tanks > Texas,https://www.mountainproject.com/route/122258799/perverse-cowgirl,2.8,13,-1,Boulder,V6,1,10,31.9246,-106.0433
Choir Boys Lite,Sign of the Cross > North Mountain > Hueco Tanks > Texas,https://www.mountainproject.com/route/105810759/choir-boys-lite,3.2,50,-1,Boulder,V7,1,,31.9246,-106.0433
Nuns On Their Knees,Sign of the Cross > North Mountain > Hueco Tanks > Texas,https://www.mountainproject.com/route/108382246/nuns-on-their-knees,3.0,6,-1,Boulder,V8,1,15,31.9246,-106.0433
Choir Boys,Sign of the Cross > North Mountain > Hueco Tanks > Texas,https://www.mountainproject.com/route/105810756/choir-boys,3.6,29,-1,Boulder,V9,1,15,31.9246,-106.0433
Hedgehog (AKA City Slicker),Sign of the Cross > North Mountain > Hueco Tanks > Texas,https://www.mountainproject.com/route/121470831/hedgehog-aka-city-slicker,3.0,3,-1,Boulder,V9,1,10,31.9246,-106.0433
Chablanke,Sign of the Cross > North Mountain > Hueco Tanks > Texas,https://www.mountainproject.com/route/105810766/chablanke,2.0,3,-1,Boulder,V11-12,1,,31.9246,-106.0433
Schadenfraud,Martini Roof area > North Mountain > Hueco Tanks > Texas,https://www.mountainproject.com/route/106299921/schadenfraud,2.4,34,-1,Boulder,V5,1,10,31.92168,-106.04317
Baby Martini,Martini Roof area > North Mountain > Hueco Tanks > Texas,https://www.mountainproject.com/route/105811210/baby-martini,3.5,115,-1,Boulder,V6,1,25,31.92168,-106.04317
Big Iron on His Hip,Martini Roof area > North Mountain > Hueco Tanks > Texas,https://www.mountainproject.com/route/105811169/big-iron-on-his-hip,3.0,37,-1,Boulder,V7,1,15,31.92168,-106.04317
Martini Hotbox,Martini Roof area > North Mountain > Hueco Tanks > Texas,https://www.mountainproject.com/route/107876303/martini-hotbox,1.8,28,-1,Boulder,V9,1,15,31.92168,-106.04317
Dirty Martini on the Rocks,Martini Roof area > North Mountain > Hueco Tanks > Texas,https://www.mountainproject.com/route/109822802/dirty-martini-on-the-rocks,3.3,1,-1,Boulder,V9,1,15,31.92168,-106.04317
Martini Vortex,Martini Roof area > North Mountain > Hueco Tanks > Texas,https://www.mountainproject.com/route/127404031/martini-vortex,4.0,19,-1,Boulder,V9,1,,31.92168,-106.04317
"Martini Roof AKA Left Martini, The Toastmaster",Martini Roof area > North Mountain > Hueco Tanks > Texas,https://www.mountainproject.com/route/105811013/martini-roof-aka-left-martini-the-toastmaster,3.1,16,-1,Boulder,V10,1,,31.92168,-106.04317
Tequila Sunrise,Martini Roof area > North Mountain > Hueco Tanks > Texas,https://www.mountainproject.com/route/118164573/tequila-sunrise,4.0,6,-1,Boulder,V11-12,1,15,31.92168,-106.04317
Shaken Not Stirred,Martini Roof area > North Mountain > Hueco Tanks > Texas,https://www.mountainproject.com/route/105811197/shaken-not-stirred,3.4,5,-1,Boulder,V12,1,35,31.92168,-106.04317
Pull the Pin,The Grenade > North Mountain > Hueco Tanks > Texas,https://www.mountainproject.com/route/105811235/pull-the-pin,2.0,40,-1,Boulder,V1,1,,31.9221,-106.0438
Nobody Here Gets Out Alive,The Grenade > North Mountain > Hueco Tanks > Texas,https://www.mountainproject.com/route/105811221/nobody-here-gets-out-alive,3.9,603,-1,Boulder,V2,1,,31.9221,-106.0438
No One Gets Out of Jaxons Alive,The Grenade > North Mountain > Hueco Tanks > Texas,https://www.mountainproject.com/route/105811238/no-one-gets-out-of-jaxons-alive,2.7,68,-1,Boulder,V3-4,1,,31.9221,-106.0438
Fire In the Hole,The Grenade > North Mountain > Hueco Tanks > Texas,https://www.mountainproject.com/route/113834484/fire-in-the-hole,1.8,5,-1,Boulder,V4,1,,31.9221,-106.0438
Nobody Original Start,The Grenade > North Mountain > Hueco Tanks > Texas,https://www.mountainproject.com/route/116381555/nobody-original-start,2.8,13,-1,Boulder,V4,1,30,31.9221,-106.0438
Dean's Trip,The Grenade > North Mountain > Hueco Tanks > Texas,https://www.mountainproject.com/route/105811232/deans-trip,2.9,58,-1,Boulder,V5,1,,31.9221,-106.0438
Nobody left,The Grenade > North Mountain > Hueco Tanks > Texas,https://www.mountainproject.com/route/112344078/nobody-left,2.0,9,-1,Boulder,V5-6,1,,31.9221,-106.0438
Dope Fiend,100 Proof Roof > North Mountain > Hueco Tanks > Texas,https://www.mountainproject.com/route/117990218/dope-fiend,1.6,48,-1,Boulder,V3 PG13,1,,31.9222,-106.0436
100 Proof Roof,100 Proof Roof > North Mountain > Hueco Tanks > Texas,https://www.mountainproject.com/route/105811250/100-proof-roof,2.9,10,-1,Boulder,V3,1,,31.9222,-106.0436
Wild Turkey,100 Proof Roof > North Mountain > Hueco Tanks > Texas,https://www.mountainproject.com/route/105811247/wild-turkey,3.4,24,-1,Boulder,V6,1,,31.9222,-106.0436
Mexican Chicken,100 Proof Roof > North Mountain > Hueco Tanks > Texas,https://www.mountainproject.com/route/109861770/mexican-chicken,3.6,67,-1,Boulder,V6 PG13,1,,31.9222,-106.0436
Fern Roof,100 Proof Roof > North Mountain > Hueco Tanks > Texas,https://www.mountainproject.com/route/105811253/fern-roof,2.9,25,-1,Boulder,V7+,1,,31.9222,-106.0436
Dope Fiend Low,100 Proof Roof > North Mountain > Hueco Tanks > Texas,https://www.mountainproject.com/route/107068467/dope-fiend-low,2.7,23,-1,Boulder,V9 PG13,1,18,31.9222,-106.0436
Brut,Trac II > North Mountain > Hueco Tanks > Texas,https://www.mountainproject.com/route/111615388/brut,2.3,7,-1,Boulder,V0,1,18,31.9217,-106.0456
Aftershave,Trac II > North Mountain > Hueco Tanks > Texas,https://www.mountainproject.com/route/116077231/aftershave,3.0,7,-1,Boulder,V0 PG13,1,,31.9217,-106.0456
The Used Blade,Trac II > North Mountain > Hueco Tanks > Texas,https://www.mountainproject.com/route/107052321/the-used-blade,1.9,20,-1,Boulder,V0+,1,12,31.9217,-106.0456
The Reject,Trac II > North Mountain > Hueco Tanks > Texas,https://www.mountainproject.com/route/111615394/the-reject,1.0,2,-1,Boulder,V1,1,,31.9217,-106.0456
Dry Shave,Trac II > North Mountain > Hueco Tanks > Texas,https://www.mountainproject.com/route/116153585/dry-shave,1.7,1,-1,Boulder,V2,1,20,31.9217,-106.0456
Babyface,Trac II > North Mountain > Hueco Tanks > Texas,https://www.mountainproject.com/route/120086024/babyface,1.0,9,-1,Boulder,V2,1,10,31.9217,-106.0456
Squatter's Rights,Trac II > North Mountain > Hueco Tanks > Texas,https://www.mountainproject.com/route/117990272/squatters-rights,2.0,1,-1,Boulder,V3,1,,31.9217,-106.0456
The Glove,Trac II > North Mountain > Hueco Tanks > Texas,https://www.mountainproject.com/route/200227589/the-glove,2.0,2,-1,Boulder,V3,1,9,31.9217,-106.0456
Call Me Nick,Trac II > North Mountain > Hueco Tanks > Texas,https://www.mountainproject.com/route/116153569/call-me-nick,2.3,3,-1,Boulder,V3,1,15,31.9217,-106.0456
Mesozoic,Trac II > North Mountain > Hueco Tanks > Texas,https://www.mountainproject.com/route/117604166/mesozoic,2.0,4,-1,Boulder,V4,1,15,31.9217,-106.0456
Zulu Flex,Trac II > North Mountain > Hueco Tanks > Texas,https://www.mountainproject.com/route/105811264/zulu-flex,2.1,17,-1,Boulder,V6-7,1,,31.9217,-106.0456
Daily Dick Dose,Trac II > North Mountain > Hueco Tanks > Texas,https://www.mountainproject.com/route/105811259/daily-dick-dose,3.2,140,-1,Boulder,V7,1,,31.9217,-106.0456
Baby Face,Trac II > North Mountain > Hueco Tanks > Texas,https://www.mountainproject.com/route/105811271/baby-face,3.8,113,-1,Boulder,V7,1,,31.9217,-106.0456
Paleozoic,Trac II > North Mountain > Hueco Tanks > Texas,https://www.mountainproject.com/route/106423985/paleozoic,1.9,14,-1,Boulder,V7,1,15,31.9217,-106.0456
Roger in a bath,Trac II > North Mountain > Hueco Tanks > Texas,https://www.mountainproject.com/route/117698388/roger-in-a-bath,1.5,2,-1,Boulder,V7,1,10,31.9217,-106.0456
WPA,Trac II > North Mountain > Hueco Tanks > Texas,https://www.mountainproject.com/route/107879267/wpa,1.7,3,-1,Boulder,V7,1,8,31.9217,-106.0456
Pumped Full of Semen,Trac II > North Mountain > Hueco Tanks > Texas,https://www.mountainproject.com/route/105811267/pumped-full-of-semen,2.1,36,-1,Boulder,V8,1,,31.9217,-106.0456
Rogered in the Shower,Trac II > North Mountain > Hueco Tanks > Texas,https://www.mountainproject.com/route/120086036/rogered-in-the-shower,3.0,2,-1,Boulder,V10,1,10,31.9217,-106.0456
Flying Marcel,Trac II > North Mountain > Hueco Tanks > Texas,https://www.mountainproject.com/route/105811275/flying-marcel,2.7,3,-1,Boulder,V10-11,1,25,31.9217,-106.0456
Gumby Direct,The New Meadow > North Mountain > Hueco Tanks > Texas,https://www.mountainproject.com/route/107995382/gumby-direct,1.9,33,-1,Boulder,V0,1,,31.9232,-106.0437
Pushy lady,The New Meadow > North Mountain > Hueco Tanks > Texas,https://www.mountainproject.com/route/125808581/pushy-lady,2.0,1,-1,Boulder,V0 R,1,16,31.9232,-106.0437
Spooky,The New Meadow > North Mountain > Hueco Tanks > Texas,https://www.mountainproject.com/route/200735793/spooky,1.0,1,-1,Boulder,V0,1,19,31.9232,-106.0437
Fici’s,The New Meadow > North Mountain > Hueco Tanks > Texas,https://www.mountainproject.com/route/123356545/ficis,1.5,4,-1,Boulder,V1,1,,31.9232,-106.0437
Gumby Traverse,The New Meadow > North Mountain > Hueco Tanks > Texas,https://www.mountainproject.com/route/107995325/gumby-traverse,1.6,26,-1,Boulder,V1,1,,31.9232,-106.0437
MotherTrucker,The New Meadow > North Mountain > Hueco Tanks > Texas,https://www.mountainproject.com/route/109916389/mothertrucker,2.3,23,-1,Boulder,V1,1,10,31.9232,-106.0437
Beach Time,The New Meadow > North Mountain > Hueco Tanks > Texas,https://www.mountainproject.com/route/111000415/beach-time,1.9,15,-1,Boulder,V1,1,,31.9232,-106.0437
The Two Star Arete,The New Meadow > North Mountain > Hueco Tanks > Texas,https://www.mountainproject.com/route/109916425/the-two-star-arete,2.2,57,-1,Boulder,V2,1,12,31.9232,-106.0437
Money Sucks,The New Meadow > North Mountain > Hueco Tanks > Texas,https://www.mountainproject.com/route/123356601/money-sucks,1.1,9,-1,Boulder,V2,1,,31.9232,-106.0437
Mandalahaha,The New Meadow > North Mountain > Hueco Tanks > Texas,https://www.mountainproject.com/route/122033767/mandalahaha,1.5,4,-1,Boulder,V3,1,,31.9232,-106.0437
Loser's Dyno,The New Meadow > North Mountain > Hueco Tanks > Texas,https://www.mountainproject.com/route/123646769/losers-dyno,2.0,6,-1,Boulder,V3,1,10,31.9232,-106.0437
Everybody Wins,The New Meadow > North Mountain > Hueco Tanks > Texas,https://www.mountainproject.com/route/107406284/everybody-wins,2.7,66,-1,Boulder,V3,1,15,31.9232,-106.0437
German Hatery,The New Meadow > North Mountain > Hueco Tanks > Texas,https://www.mountainproject.com/route/110126249/german-hatery,1.8,25,-1,Boulder,V3,1,,31.9232,-106.0437
La Delicate,The New Meadow > North Mountain > Hueco Tanks > Texas,https://www.mountainproject.com/route/112338924/la-delicate,2.4,29,-1,Boulder,V3,1,,31.9232,-106.0437
Blackmail,The New Meadow > North Mountain > Hueco Tanks > Texas,https://www.mountainproject.com/route/110126203/blackmail,2.3,21,-1,Boulder,V4,1,,31.9232,-106.0437
Pudgie pussack,The New Meadow > North Mountain > Hueco Tanks > Texas,https://www.mountainproject.com/route/112338913/pudgie-pussack,2.2,20,-1,Boulder,V4,1,,31.9232,-106.0437
Here Comes The Rooster,The New Meadow > North Mountain > Hueco Tanks > Texas,https://www.mountainproject.com/route/123170298/here-comes-the-rooster,2.0,2,-1,Boulder,V4-5,1,,31.9232,-106.0437
Time Bomb,The New Meadow > North Mountain > Hueco Tanks > Texas,https://www.mountainproject.com/route/115968286/time-bomb,1.0,2,-1,Boulder,V5,1,10,31.9232,-106.0437
"Lobsterclaw, AKA:Mr. Negative",The New Meadow > North Mountain > Hueco Tanks > Texas,https://www.mountainproject.com/route/105811638/lobsterclaw-akamr-negative,3.6,290,-1,Boulder,V5,1,,31.9232,-106.0437
King Cobra,The New Meadow > North Mountain > Hueco Tanks > Texas,https://www.mountainproject.com/route/105812823/king-cobra,3.6,133,-1,Boulder,V6,1,,31.9232,-106.0437
Sourpuss,The New Meadow > North Mountain > Hueco Tanks > Texas,https://www.mountainproject.com/route/200382073/sourpuss,3.0,1,-1,Boulder,V6,1,15,31.9232,-106.0437
Rudy,The New Meadow > North Mountain > Hueco Tanks > Texas,https://www.mountainproject.com/route/105812833/rudy,2.8,33,-1,Boulder,V7,1,,31.9232,-106.0437
Speed Bump,The New Meadow > North Mountain > Hueco Tanks > Texas,https://www.mountainproject.com/route/105812836/speed-bump,3.2,74,-1,Boulder,V7,1,15,31.9232,-106.0437
Beer Can Traverse,The New Meadow > North Mountain > Hueco Tanks > Texas,https://www.mountainproject.com/route/111444526/beer-can-traverse,2.0,7,-1,Boulder,V7-8,1,,31.9232,-106.0437
Traffic Circle,The New Meadow > North Mountain > Hueco Tanks > Texas,https://www.mountainproject.com/route/120671509/traffic-circle,3.0,1,-1,Boulder,V8,-1,18,31.9232,-106.0437
Penis-Puss,The New Meadow > North Mountain > Hueco Tanks > Texas,https://www.mountainproject.com/route/106240433/penis-puss,3.0,4,-1,Boulder,V8,1,25,31.9232,-106.0437
Shower Cap,The New Meadow > North Mountain > Hueco Tanks > Texas,https://www.mountainproject.com/route/107271775/shower-cap,2.5,8,-1,Boulder,V8+,1,10,31.9232,-106.0437
Schwerer Gustov,The New Meadow > North Mountain > Hueco Tanks > Texas,https://www.mountainproject.com/route/116120221/schwerer-gustov,2.4,5,-1,Boulder,V10,1,,31.9232,-106.0437
Anal Intruder  10,The New Meadow > North Mountain > Hueco Tanks > Texas,https://www.mountainproject.com/route/105812841/anal-intruder-10,1.7,7,-1,Boulder,V10-11,1,,31.9232,-106.0437
Split Crack,Split & Malice Boulders > North Mountain > Hueco Tanks > Texas,https://www.mountainproject.com/route/106044759/split-crack,2.9,24,-1,Boulder,V0,1,20,31.92249,-106.04812
7-10 Split,Split & Malice Boulders > North Mountain > Hueco Tanks > Texas,https://www.mountainproject.com/route/107063008/7-10-split,2.2,17,-1,Boulder,V0,1,15,31.92249,-106.04812
Banana Split,Split & Malice Boulders > North Mountain > Hueco Tanks > Texas,https://www.mountainproject.com/route/117927262/banana-split,1.8,5,-1,Boulder,V0 PG13,1,25,31.92249,-106.04812
Split Grain,Split & Malice Boulders > North Mountain > Hueco Tanks > Texas,https://www.mountainproject.com/route/117927308/split-grain,2.0,1,-1,Boulder,V1 PG13,1,25,31.92249,-106.04812
Splitter Splatter,Split & Malice Boulders > North Mountain > Hueco Tanks > Texas,https://www.mountainproject.com/route/123522916/splitter-splatter,2.3,3,-1,Boulder,V1,1,,31.92249,-106.04812
Divine Descent,Split & Malice Boulders > North Mountain > Hueco Tanks > Texas,https://www.mountainproject.com/route/108198794/divine-descent,2.5,2,-1,Boulder,V2,1,25,31.92249,-106.04812
A-Scape,Split & Malice Boulders > North Mountain > Hueco Tanks > Texas,https://www.mountainproject.com/route/119506252/a-scape,2.6,12,-1,Boulder,V3,1,10,31.92249,-106.04812
The A-Cup Team,Split & Malice Boulders > North Mountain > Hueco Tanks > Texas,https://www.mountainproject.com/route/125468779/the-a-cup-team,2.0,1,-1,Boulder,V3,1,13,31.92249,-106.04812
Ricardo Cracker,Split & Malice Boulders > North Mountain > Hueco Tanks > Texas,https://www.mountainproject.com/route/125468790/ricardo-cracker,2.0,1,-1,Boulder,V4,1,16,31.92249,-106.04812
Macromastia,Split & Malice Boulders > North Mountain > Hueco Tanks > Texas,https://www.mountainproject.com/route/125468819/macromastia,3.0,1,-1,Boulder,V11,1,18,31.92249,-106.04812
Eye Gouger,The Small Potatoes > North Mountain > Hueco Tanks > Texas,https://www.mountainproject.com/route/111233099/eye-gouger,1.6,9,-1,Boulder,V0-,1,10,31.9224,-106.0433
Honey Hole,The Small Potatoes > North Mountain > Hueco Tanks > Texas,https://www.mountainproject.com/route/108005795/honey-hole,1.8,65,-1,Boulder,V0,1,11,31.9224,-106.0433
Chive Sucker,The Small Potatoes > North Mountain > Hueco Tanks > Texas,https://www.mountainproject.com/route/110201303/chive-sucker,1.8,41,-1,Boulder,V0,1,,31.9224,-106.0433
Baco Bit,The Small Potatoes > North Mountain > Hueco Tanks > Texas,https://www.mountainproject.com/route/110201316/baco-bit,1.5,29,-1,Boulder,V0,1,,31.9224,-106.0433
Man of Leisure,The Small Potatoes > North Mountain > Hueco Tanks > Texas,https://www.mountainproject.com/route/111233104/man-of-leisure,1.7,30,-1,Boulder,V0,1,9,31.9224,-106.0433
Women in Chains,The Small Potatoes > North Mountain > Hueco Tanks > Texas,https://www.mountainproject.com/route/126750885/women-in-chains,2.0,1,-1,Boulder,V0,1,20,31.9224,-106.0433
Men in Chains,The Small Potatoes > North Mountain > Hueco Tanks > Texas,https://www.mountainproject.com/route/107052329/men-in-chains,2.6,102,-1,Boulder,V0,1,20,31.9224,-106.0433
Bawl and Chain,The Small Potatoes > North Mountain > Hueco Tanks > Texas,https://www.mountainproject.com/route/106420215/bawl-and-chain,2.8,101,-1,Boulder,V0+,1,18,31.9224,-106.0433
Bassin',The Small Potatoes > North Mountain > Hueco Tanks > Texas,https://www.mountainproject.com/route/108005904/bassin,1.7,53,-1,Boulder,V0+,1,11,31.9224,-106.0433
Suckah Inna Yucca,The Small Potatoes > North Mountain > Hueco Tanks > Texas,https://www.mountainproject.com/route/122987362/suckah-inna-yucca,2.1,8,-1,Boulder,V0+,1,10,31.9224,-106.0433
Frankenstem,The Small Potatoes > North Mountain > Hueco Tanks > Texas,https://www.mountainproject.com/route/118329012/frankenstem,2.5,2,-1,Boulder,V1 R,1,30,31.9224,-106.0433
Woman of Leisure,The Small Potatoes > North Mountain > Hueco Tanks > Texas,https://www.mountainproject.com/route/122995009/woman-of-leisure,2.1,17,-1,Boulder,V1,1,10,31.9224,-106.0433
Chain Gang,The Small Potatoes > North Mountain > Hueco Tanks > Texas,https://www.mountainproject.com/route/123457496/chain-gang,2.5,4,-1,Boulder,V1,1,,31.9224,-106.0433
Mrs. Potatohead,The Small Potatoes > North Mountain > Hueco Tanks > Texas,https://www.mountainproject.com/route/107063494/mrs-potatohead,2.2,59,-1,Boulder,V1,1,8,31.9224,-106.0433
Mr. Potato Head,The Small Potatoes > North Mountain > Hueco Tanks > Texas,https://www.mountainproject.com/route/108780091/mr-potato-head,2.5,33,-1,Boulder,V1,1,14,31.9224,-106.0433
Spud Boy,The Small Potatoes > North Mountain > Hueco Tanks > Texas,https://www.mountainproject.com/route/111233090/spud-boy,1.9,13,-1,Boulder,V1 PG13,1,9,31.9224,-106.0433
IG5,The Small Potatoes > North Mountain > Hueco Tanks > Texas,https://www.mountainproject.com/route/118447206/ig5,3.0,2,-1,Boulder,V2,1,10,31.9224,-106.0433
Mashed Potato,The Small Potatoes > North Mountain > Hueco Tanks > Texas,https://www.mountainproject.com/route/123649328/mashed-potato,2.2,5,-1,Boulder,V2,1,8,31.9224,-106.0433
Wide Potatoes,The Small Potatoes > North Mountain > Hueco Tanks > Texas,https://www.mountainproject.com/route/200562483/wide-potatoes,2.0,1,-1,Boulder,V2,1,12,31.9224,-106.0433
In the Bucket of Parts,The Small Potatoes > North Mountain > Hueco Tanks > Texas,https://www.mountainproject.com/route/106420244/in-the-bucket-of-parts,2.7,121,-1,Boulder,V2,1,18,31.9224,-106.0433
Cast Iron,The Small Potatoes > North Mountain > Hueco Tanks > Texas,https://www.mountainproject.com/route/106950290/cast-iron,3.5,55,-1,Boulder,V2,1,20,31.9224,-106.0433
Safety Meeting,The Small Potatoes > North Mountain > Hueco Tanks > Texas,https://www.mountainproject.com/route/123435208/safety-meeting,3.5,2,-1,Boulder,V2-3 R,1,20,31.9224,-106.0433
Beefy Reef,The Small Potatoes > North Mountain > Hueco Tanks > Texas,https://www.mountainproject.com/route/118329034/beefy-reef,3.0,24,-1,Boulder,V3 R,1,40,31.9224,-106.0433
Pseudo Right,The Small Potatoes > North Mountain > Hueco Tanks > Texas,https://www.mountainproject.com/route/125563465/pseudo-right,2.0,5,-1,Boulder,V3,1,,31.9224,-106.0433
O'Grady's,The Small Potatoes > North Mountain > Hueco Tanks > Texas,https://www.mountainproject.com/route/111687493/ogradys,2.2,6,-1,Boulder,V3,1,10,31.9224,-106.0433
Psuedo Feather,The Small Potatoes > North Mountain > Hueco Tanks > Texas,https://www.mountainproject.com/route/111444396/psuedo-feather,2.8,12,-1,Boulder,V4,1,,31.9224,-106.0433
Psuedo left,The Small Potatoes > North Mountain > Hueco Tanks > Texas,https://www.mountainproject.com/route/111444411/psuedo-left,2.1,13,-1,Boulder,V4,1,,31.9224,-106.0433
Cast Iron low,The Small Potatoes > North Mountain > Hueco Tanks > Texas,https://www.mountainproject.com/route/112344070/cast-iron-low,1.5,4,-1,Boulder,V4,1,,31.9224,-106.0433
Underfoot,The Small Potatoes > North Mountain > Hueco Tanks > Texas,https://www.mountainproject.com/route/200243918/underfoot,3.0,1,-1,Boulder,V5,1,15,31.9224,-106.0433
The Hog,The Small Potatoes > North Mountain > Hueco Tanks > Texas,https://www.mountainproject.com/route/107068636/the-hog,2.7,29,-1,Boulder,V5,1,12,31.9224,-106.0433
Peace Talks,The Small Potatoes > North Mountain > Hueco Tanks > Texas,https://www.mountainproject.com/route/123440268/peace-talks,2.0,2,-1,Boulder,V6-7 R,1,20,31.9224,-106.0433
The Hog (left),The Small Potatoes > North Mountain > Hueco Tanks > Texas,https://www.mountainproject.com/route/110000707/the-hog-left,2.8,5,-1,Boulder,V7,1,,31.9224,-106.0433
Yolanda,The Morgue > North Mountain > Hueco Tanks > Texas,https://www.mountainproject.com/route/200258419/yolanda,1.0,1,-1,Boulder,V0,1,12,31.92538,-106.04439
Who?,The Morgue > North Mountain > Hueco Tanks > Texas,https://www.mountainproject.com/route/200258426/who,2.0,1,-1,Boulder,V0,1,10,31.92538,-106.04439
Pauline,The Morgue > North Mountain > Hueco Tanks > Texas,https://www.mountainproject.com/route/200258434/pauline,1.0,1,-1,Boulder,V0,1,10,31.92538,-106.04439
Playtex Wife,The Morgue > North Mountain > Hueco Tanks > Texas,https://www.mountainproject.com/route/123554540/playtex-wife,2.7,3,-1,Boulder,V1,1,,31.92538,-106.04439
Larry,The Morgue > North Mountain > Hueco Tanks > Texas,https://www.mountainproject.com/route/123554768/larry,2.3,3,-1,Boulder,V1,1,12,31.92538,-106.04439
T-Bone Direct,The Morgue > North Mountain > Hueco Tanks > Texas,https://www.mountainproject.com/route/200478328/t-bone-direct,2.0,1,-1,Boulder,V2,1,10,31.92538,-106.04439
T-Bone Truffle Left,The Morgue > North Mountain > Hueco Tanks > Texas,https://www.mountainproject.com/route/123642482/t-bone-truffle-left,2.4,9,-1,Boulder,V3,1,,31.92538,-106.04439
[Redacted],The Morgue > North Mountain > Hueco Tanks > Texas,https://www.mountainproject.com/route/108198587/redacted,2.8,9,-1,Boulder,V3 X,23,30567,31.92538,-106.04439
T-Bone Shuffle,The Morgue > North Mountain > Hueco Tanks > Texas,https://www.mountainproject.com/route/106104321/t-bone-shuffle,3.6,246,-1,Boulder,V4,1,,31.92538,-106.04439
T-Bone Kerfuffle,The Morgue > North Mountain > Hueco Tanks > Texas,https://www.mountainproject.com/route/117698404/t-bone-kerfuffle,2.2,13,-1,Boulder,V5,1,16,31.92538,-106.04439
The Morgue,The Morgue > North Mountain > Hueco Tanks > Texas,https://www.mountainproject.com/route/106102679/the-morgue,4.0,11,-1,Boulder,V5+,1,,31.92538,-106.04439
Eye Gouger,The Big Time > North Mountain > Hueco Tanks > Texas,https://www.mountainproject.com/route/107072250/eye-gouger,1.7,18,-1,Boulder,V0-,1,8,31.9222,-106.0434
Little Big Time,The Big Time > North Mountain > Hueco Tanks > Texas,https://www.mountainproject.com/route/118328964/little-big-time,2.8,8,-1,Boulder,V0+ PG13,1,20,31.9222,-106.0434
Wife on Ice,The Big Time > North Mountain > Hueco Tanks > Texas,https://www.mountainproject.com/route/118331318/wife-on-ice,2.0,1,-1,Boulder,V1 PG13,1,17,31.9222,-106.0434
Woman Of Leisure,The Big Time > North Mountain > Hueco Tanks > Texas,https://www.mountainproject.com/route/107072230/woman-of-leisure,2.1,37,-1,Boulder,V1,1,15,31.9222,-106.0434
Spud Boy,The Big Time > North Mountain > Hueco Tanks > Texas,https://www.mountainproject.com/route/107072264/spud-boy,2.2,21,-1,Boulder,V1,1,10,31.9222,-106.0434
The Rack,The Big Time > North Mountain > Hueco Tanks > Texas,https://www.mountainproject.com/route/106738488/the-rack,2.3,11,-1,Boulder,V5,1,12,31.9222,-106.0434
See Spot Run,The Big Time > North Mountain > Hueco Tanks > Texas,https://www.mountainproject.com/route/106104818/see-spot-run,4.0,123,-1,Boulder,V6 PG13,1,25,31.9222,-106.0434
Run The Rack,The Big Time > North Mountain > Hueco Tanks > Texas,https://www.mountainproject.com/route/116075824/run-the-rack,2.0,1,-1,Boulder,V9,1,,31.9222,-106.0434
Dark Age,The Big Time > North Mountain > Hueco Tanks > Texas,https://www.mountainproject.com/route/116120234/dark-age,3.1,8,-1,Boulder,V11,1,,31.9222,-106.0434
Barefoot on Sacred Ground,The Big Time > North Mountain > Hueco Tanks > Texas,https://www.mountainproject.com/route/116120243/barefoot-on-sacred-ground,4.0,4,-1,Boulder,V12,1,,31.9222,-106.0434
The 40 Watt Range,Terminator Area > North Mountain > Hueco Tanks > Texas,https://www.mountainproject.com/route/106417576/the-40-watt-range,1.8,6,-1,Boulder,V2,1,20,31.9205,-106.044
Fuck You Asshole,Terminator Area > North Mountain > Hueco Tanks > Texas,https://www.mountainproject.com/route/106104860/fuck-you-asshole,2.4,19,-1,Boulder,V4,1,,31.9205,-106.044
Serious Attitude Problem,Terminator Area > North Mountain > Hueco Tanks > Texas,https://www.mountainproject.com/route/106104876/serious-attitude-problem,2.7,19,-1,Boulder,V4,1,15,31.9205,-106.044
Terminator Start,Terminator Area > North Mountain > Hueco Tanks > Texas,https://www.mountainproject.com/route/106417568/terminator-start,2.5,6,-1,Boulder,V5,1,8,31.9205,-106.044
Couch Potato,Terminator Area > North Mountain > Hueco Tanks > Texas,https://www.mountainproject.com/route/109751231/couch-potato,2.5,4,-1,Boulder,V6,1,,31.9205,-106.044
Dwindles,Terminator Area > North Mountain > Hueco Tanks > Texas,https://www.mountainproject.com/route/200377303/dwindles,2.7,3,-1,Boulder,V7,1,12,31.9205,-106.044
Assisted Living,Terminator Area > North Mountain > Hueco Tanks > Texas,https://www.mountainproject.com/route/111477504/assisted-living,3.2,17,-1,Boulder,V8-,1,,31.9205,-106.044
Adjust your Attitude,Terminator Area > North Mountain > Hueco Tanks > Texas,https://www.mountainproject.com/route/107068442/adjust-your-attitude,3.8,17,-1,Boulder,V8,1,14,31.9205,-106.044
McBain,Terminator Area > North Mountain > Hueco Tanks > Texas,https://www.mountainproject.com/route/107068452/mcbain,2.7,28,-1,Boulder,V8,1,10,31.9205,-106.044
Governator,Terminator Area > North Mountain > Hueco Tanks > Texas,https://www.mountainproject.com/route/111457015/governator,2.0,2,-1,Boulder,V10,1,,31.9205,-106.044
Predator,Terminator Area > North Mountain > Hueco Tanks > Texas,https://www.mountainproject.com/route/116072657/predator,2.7,3,-1,Boulder,V10,1,,31.9205,-106.044
[Redacted],The Kitchen > North Mountain > Hueco Tanks > Texas,https://www.mountainproject.com/route/107068476/redacted,2.0,1,-1,Boulder,V4 PG13,1,10,31.9248,-106.0424
Short Order Cook,The Kitchen > North Mountain > Hueco Tanks > Texas,https://www.mountainproject.com/route/106105368/short-order-cook,2.2,22,-1,Boulder,V6,1,15,31.9248,-106.0424
Rear Burner,The Kitchen > North Mountain > Hueco Tanks > Texas,https://www.mountainproject.com/route/106584280/rear-burner,1.8,5,-1,Boulder,V6,1,12,31.9248,-106.0424
Seka's Specialty,Double Vision > North Mountain > Hueco Tanks > Texas,https://www.mountainproject.com/route/106299901/sekas-specialty,3.1,14,-1,Boulder,V2 PG13,1,15,31.92106,-106.04546
Dilated Pupils,Double Vision > North Mountain > Hueco Tanks > Texas,https://www.mountainproject.com/route/106299908/dilated-pupils,2.7,34,-1,Boulder,V4,1,10,31.92106,-106.04546
Double Vision,Double Vision > North Mountain > Hueco Tanks > Texas,https://www.mountainproject.com/route/108603809/double-vision,3.4,7,-1,Boulder,V7,1,18,31.92106,-106.04546
Hueco of Dan-ocles,Double Vision > North Mountain > Hueco Tanks > Texas,https://www.mountainproject.com/route/107982211/hueco-of-dan-ocles,2.4,5,-1,Boulder,V8,1,18,31.92106,-106.04546
Mop Buckets,Mopboys > North Mountain > Hueco Tanks > Texas,https://www.mountainproject.com/route/123233898/mop-buckets,2.5,2,-1,Boulder,V0+,1,,31.9235,-106.04536
Mopboys Crack Right,Mopboys > North Mountain > Hueco Tanks > Texas,https://www.mountainproject.com/route/110020167/mopboys-crack-right,2.0,3,-1,Boulder,V1,1,,31.9235,-106.04536
mopboys crack right,Mopboys > North Mountain > Hueco Tanks > Texas,https://www.mountainproject.com/route/110020169/mopboys-crack-right,2.6,5,-1,Boulder,V1,1,,31.9235,-106.04536
Slothwalker,Mopboys > North Mountain > Hueco Tanks > Texas,https://www.mountainproject.com/route/121935242/slothwalker,2.9,8,-1,Boulder,V3,1,,31.9235,-106.04536
Room of Voices,Mopboys > North Mountain > Hueco Tanks > Texas,https://www.mountainproject.com/route/119688152/room-of-voices,3.0,2,-1,Boulder,V4,1,,31.9235,-106.04536
Nose Bleed Seats,Mopboys > North Mountain > Hueco Tanks > Texas,https://www.mountainproject.com/route/121967007/nose-bleed-seats,2.5,4,-1,Boulder,V4,1,8,31.9235,-106.04536
Lithologic,Mopboys > North Mountain > Hueco Tanks > Texas,https://www.mountainproject.com/route/106306418/lithologic,2.8,39,-1,Boulder,V4,1,10,31.9235,-106.04536
Squirm,Mopboys > North Mountain > Hueco Tanks > Texas,https://www.mountainproject.com/route/106306424/squirm,2.6,8,-1,Boulder,V4,1,10,31.9235,-106.04536
Mop Boy aka Mop Buckets,Mopboys > North Mountain > Hueco Tanks > Texas,https://www.mountainproject.com/route/106304225/mop-boy-aka-mop-buckets,3.1,20,-1,Boulder,5.12+ V6,1,50,31.9235,-106.04536
Big Nose Milley,Mopboys > North Mountain > Hueco Tanks > Texas,https://www.mountainproject.com/route/116071367/big-nose-milley,2.9,14,-1,Boulder,V9-,1,,31.9235,-106.04536
To the Gym,"Stegasaur, The > North Mountain > Hueco Tanks > Texas",https://www.mountainproject.com/route/200735854/to-the-gym,1.0,1,-1,Boulder,V0,1,23,31.9225,-106.0445
Unnamed,"Stegasaur, The > North Mountain > Hueco Tanks > Texas",https://www.mountainproject.com/route/200650318/unnamed,2.0,1,-1,Boulder,V0+ PG13,1,25,31.9225,-106.0445
Above the Pond,"Stegasaur, The > North Mountain > Hueco Tanks > Texas",https://www.mountainproject.com/route/111000481/above-the-pond,2.8,14,-1,Boulder,V4,1,10,31.9225,-106.0445
Rhinosaur,"Stegasaur, The > North Mountain > Hueco Tanks > Texas",https://www.mountainproject.com/route/107015723/rhinosaur,2.8,4,-1,Boulder,V6-,1,14,31.9225,-106.0445
Stegasaur,"Stegasaur, The > North Mountain > Hueco Tanks > Texas",https://www.mountainproject.com/route/106311352/stegasaur,3.3,86,-1,Boulder,V7,1,8,31.9225,-106.0445
Mousie Adame,"Stegasaur, The > North Mountain > Hueco Tanks > Texas",https://www.mountainproject.com/route/110042073/mousie-adame,2.8,21,-1,Boulder,V7,1,10,31.9225,-106.0445
Iron Whole,"Stegasaur, The > North Mountain > Hueco Tanks > Texas",https://www.mountainproject.com/route/111444419/iron-whole,2.0,1,-1,Boulder,V7,1,,31.9225,-106.0445
Rainer Maria,"Stegasaur, The > North Mountain > Hueco Tanks > Texas",https://www.mountainproject.com/route/106647059/rainer-maria,2.0,1,-1,Boulder,V8-9,1,20,31.9225,-106.0445
Both Barrels,"Stegasaur, The > North Mountain > Hueco Tanks > Texas",https://www.mountainproject.com/route/123145197/both-barrels,2.5,4,-1,Boulder,V9,1,10,31.9225,-106.0445
Blueberry Wine,"Stegasaur, The > North Mountain > Hueco Tanks > Texas",https://www.mountainproject.com/route/106647055/blueberry-wine,1.5,2,-1,Boulder,V10,1,18,31.9225,-106.0445
Hot Wax,Icarus Boulder > North Mountain > Hueco Tanks > Texas,https://www.mountainproject.com/route/106338534/hot-wax,3.1,17,-1,Boulder,V2,1,20,31.9208,-106.0415
Hercules,Icarus Boulder > North Mountain > Hueco Tanks > Texas,https://www.mountainproject.com/route/109696377/hercules,2.8,18,-1,Boulder,V3 PG13,1,15,31.9208,-106.0415
Daedelus,Icarus Boulder > North Mountain > Hueco Tanks > Texas,https://www.mountainproject.com/route/109696389/daedelus,2.2,14,-1,Boulder,V3+,1,10,31.9208,-106.0415
Laments like Lullabies,Icarus Boulder > North Mountain > Hueco Tanks > Texas,https://www.mountainproject.com/route/108048687/laments-like-lullabies,2.0,2,-1,Boulder,V4,1,30,31.9208,-106.0415
Icarus,Icarus Boulder > North Mountain > Hueco Tanks > Texas,https://www.mountainproject.com/route/116075816/icarus,3.7,3,-1,"TR, Boulder",5.11c/d V4 X,1,,31.9208,-106.0415
Hebro Sausage,Icarus Boulder > North Mountain > Hueco Tanks > Texas,https://www.mountainproject.com/route/106762435/hebro-sausage,3.0,14,-1,Boulder,V4,1,12,31.9208,-106.0415
Hebro Left,Icarus Boulder > North Mountain > Hueco Tanks > Texas,https://www.mountainproject.com/route/106762378/hebro-left,2.5,17,-1,Boulder,V5,1,10,31.9208,-106.0415
The Berserker,Icarus Boulder > North Mountain > Hueco Tanks > Texas,https://www.mountainproject.com/route/106338523/the-berserker,3.1,11,-1,Boulder,V6,1,20,31.9208,-106.0415
99 Heroin balloons,Icarus Boulder > North Mountain > Hueco Tanks > Texas,https://www.mountainproject.com/route/110118107/99-heroin-balloons,3.3,21,-1,Boulder,V8,1,,31.9208,-106.0415
The Upside Down,Icarus Boulder > North Mountain > Hueco Tanks > Texas,https://www.mountainproject.com/route/119752788/the-upside-down,3.0,4,-1,Boulder,V10 PG13,1,,31.9208,-106.0415
Brainwash,End Loop Area > North Mountain > Hueco Tanks > Texas,https://www.mountainproject.com/route/120392110/brainwash,3.1,10,-1,Boulder,V4,1,,31.91985,-106.04841
The Bee,End Loop Area > North Mountain > Hueco Tanks > Texas,https://www.mountainproject.com/route/123654871/the-bee,2.8,5,-1,Boulder,V6,1,,31.91985,-106.04841
Left El Yuri,End Loop Area > North Mountain > Hueco Tanks > Texas,https://www.mountainproject.com/route/125748951/left-el-yuri,3.0,1,-1,Boulder,V7,1,,31.91985,-106.04841
Brainless,End Loop Area > North Mountain > Hueco Tanks > Texas,https://www.mountainproject.com/route/121470762/brainless,2.4,7,-1,Boulder,V8,1,18,31.91985,-106.04841
Insane in the Membrane,The Asylum > North Mountain > Hueco Tanks > Texas,https://www.mountainproject.com/route/122092797/insane-in-the-membrane,1.3,7,-1,Boulder,V0,1,,31.9225,-106.0445
Electric Aunt Jemima,The Asylum > North Mountain > Hueco Tanks > Texas,https://www.mountainproject.com/route/123642455/electric-aunt-jemima,3.3,3,-1,Boulder,V2 R,1,,31.9225,-106.0445
Love 2 Chum,The Asylum > North Mountain > Hueco Tanks > Texas,https://www.mountainproject.com/route/107967341/love-2-chum,2.0,1,-1,Boulder,V2,1,15,31.9225,-106.0445
Loves2chum,The Asylum > North Mountain > Hueco Tanks > Texas,https://www.mountainproject.com/route/107974630/loves2chum,1.0,1,-1,Boulder,V2,1,15,31.9225,-106.0445
Glonous History,The Asylum > North Mountain > Hueco Tanks > Texas,https://www.mountainproject.com/route/116600494/glonous-history,3.0,3,-1,Boulder,V2,1,10,31.9225,-106.0445
Asylum Crack,The Asylum > North Mountain > Hueco Tanks > Texas,https://www.mountainproject.com/route/106360846/asylum-crack,3.0,27,-1,Boulder,V3,1,25,31.9225,-106.0445
Seeker,The Asylum > North Mountain > Hueco Tanks > Texas,https://www.mountainproject.com/route/123554574/seeker,2.2,5,-1,Boulder,V3,1,,31.9225,-106.0445
Mojo Risin',The Asylum > North Mountain > Hueco Tanks > Texas,https://www.mountainproject.com/route/126678855/mojo-risin,-1.0,0,-1,"TR, Boulder",5.12 V5 X,1,26,31.9225,-106.0445
V-Obsession,The Asylum > North Mountain > Hueco Tanks > Texas,https://www.mountainproject.com/route/106950281/v-obsession,2.7,18,-1,Boulder,V5,1,12,31.9225,-106.0445
Orpheus,The Asylum > North Mountain > Hueco Tanks > Texas,https://www.mountainproject.com/route/118240695/orpheus,2.9,9,-1,Boulder,V6,1,8,31.9225,-106.0445
Nurse Ratchet,The Asylum > North Mountain > Hueco Tanks > Texas,https://www.mountainproject.com/route/107876321/nurse-ratchet,2.1,8,-1,Boulder,V7,1,8,31.9225,-106.0445
Eurydice,The Asylum > North Mountain > Hueco Tanks > Texas,https://www.mountainproject.com/route/118240704/eurydice,3.0,2,-1,Boulder,V9,1,10,31.9225,-106.0445
Stop Watching Me,The Asylum > North Mountain > Hueco Tanks > Texas,https://www.mountainproject.com/route/106403171/stop-watching-me,2.5,2,-1,Boulder,V9,1,25,31.9225,-106.0445
Theatre of the Absurd,The Asylum > North Mountain > Hueco Tanks > Texas,https://www.mountainproject.com/route/106686768/theatre-of-the-absurd,3.4,15,-1,Boulder,V10 PG13,1,25,31.9225,-106.0445
Le Retour De Goupil,The Asylum > North Mountain > Hueco Tanks > Texas,https://www.mountainproject.com/route/112502292/le-retour-de-goupil,4.0,1,-1,Boulder,V12,1,30,31.9225,-106.0445
Diabolique,The Asylum > North Mountain > Hueco Tanks > Texas,https://www.mountainproject.com/route/125706845/diabolique,3.0,1,-1,Boulder,V12,1,15,31.9225,-106.0445
A Minor,Look Sharp Rock > North Mountain > Hueco Tanks > Texas,https://www.mountainproject.com/route/109743684/a-minor,1.6,36,-1,Boulder,V2,1,,31.92563,-106.04393
D Major,Look Sharp Rock > North Mountain > Hueco Tanks > Texas,https://www.mountainproject.com/route/125431186/d-major,1.7,3,-1,Boulder,V3,1,,31.92563,-106.04393
Be Flat,Look Sharp Rock > North Mountain > Hueco Tanks > Texas,https://www.mountainproject.com/route/106584273/be-flat,2.5,45,-1,Boulder,V4,1,8,31.92563,-106.04393
See Sharp,Look Sharp Rock > North Mountain > Hueco Tanks > Texas,https://www.mountainproject.com/route/109743694/see-sharp,2.7,18,-1,Boulder,V6,1,,31.92563,-106.04393
Memento,Term Boulder > North Mountain > Hueco Tanks > Texas,https://www.mountainproject.com/route/107152898/memento,2.8,33,-1,Boulder,V0,1,10,31.92435,-106.04371
Long Term Memory,Term Boulder > North Mountain > Hueco Tanks > Texas,https://www.mountainproject.com/route/107153985/long-term-memory,1.6,17,-1,Boulder,V0,1,10,31.92435,-106.04371
Short Term Memory,Term Boulder > North Mountain > Hueco Tanks > Texas,https://www.mountainproject.com/route/107153992/short-term-memory,1.4,7,-1,Boulder,V0,1,10,31.92435,-106.04371
Termite,Term Boulder > North Mountain > Hueco Tanks > Texas,https://www.mountainproject.com/route/107153999/termite,1.5,4,-1,Boulder,V0,1,10,31.92435,-106.04371
Mid-term,Term Boulder > North Mountain > Hueco Tanks > Texas,https://www.mountainproject.com/route/107154009/mid-term,2.0,9,-1,Boulder,V1,1,10,31.92435,-106.04371
Term Crack,Term Boulder > North Mountain > Hueco Tanks > Texas,https://www.mountainproject.com/route/107154015/term-crack,1.3,3,-1,Boulder,V1,1,10,31.92435,-106.04371
The Backscratcher,Warm Up Wall > North Mountain > Hueco Tanks > Texas,https://www.mountainproject.com/route/106432685/the-backscratcher,3.2,47,-1,Boulder,V1,1,,31.9225,-106.0445
40-Ounce King,The Gymnasium > North Mountain > Hueco Tanks > Texas,https://www.mountainproject.com/route/200249863/40-ounce-king,2.0,1,-1,Boulder,V0,1,18,31.92232,-106.04431
Jimmy hats on parade,The Gymnasium > North Mountain > Hueco Tanks > Texas,https://www.mountainproject.com/route/114576691/jimmy-hats-on-parade,1.8,8,-1,Boulder,V0,1,,31.92232,-106.04431
World without lawyers,The Gymnasium > North Mountain > Hueco Tanks > Texas,https://www.mountainproject.com/route/114576695/world-without-lawyers,2.4,11,-1,Boulder,V0,1,,31.92232,-106.04431
Solid pleasure,The Gymnasium > North Mountain > Hueco Tanks > Texas,https://www.mountainproject.com/route/114576699/solid-pleasure,2.0,10,-1,Boulder,V0,1,,31.92232,-106.04431
Bellyful of Marrow Pudding,The Gymnasium > North Mountain > Hueco Tanks > Texas,https://www.mountainproject.com/route/200249932/bellyful-of-marrow-pudding,2.0,1,-1,Boulder,V1,1,20,31.92232,-106.04431
Bad Axe,The Gymnasium > North Mountain > Hueco Tanks > Texas,https://www.mountainproject.com/route/110496768/bad-axe,2.2,10,-1,Boulder,V1+,1,15,31.92232,-106.04431
Gag Reflex,The Gymnasium > North Mountain > Hueco Tanks > Texas,https://www.mountainproject.com/route/111564795/gag-reflex,2.1,8,-1,Boulder,V2,1,15,31.92232,-106.04431
The Belly Bomber,The Gymnasium > North Mountain > Hueco Tanks > Texas,https://www.mountainproject.com/route/200249811/the-belly-bomber,2.0,1,-1,Boulder,V2,1,20,31.92232,-106.04431
Only the Little people pay taxes,The Gymnasium > North Mountain > Hueco Tanks > Texas,https://www.mountainproject.com/route/110496793/only-the-little-people-pay-taxes,2.6,8,-1,Boulder,V3,1,12,31.92232,-106.04431
Rhymes with Rich,The Gymnasium > North Mountain > Hueco Tanks > Texas,https://www.mountainproject.com/route/111000450/rhymes-with-rich,2.6,12,-1,Boulder,V3,1,,31.92232,-106.04431
Suck In Dick,The Gymnasium > North Mountain > Hueco Tanks > Texas,https://www.mountainproject.com/route/116977451/suck-in-dick,2.0,1,-1,Boulder,V6,1,,31.92232,-106.04431
Tralfaz,Michael Kenyon > North Mountain > Hueco Tanks > Texas,https://www.mountainproject.com/route/116161790/tralfaz,1.5,2,-1,Boulder,V0 PG13,1,18,31.9225,-106.0445
Chocolate Thunder,Michael Kenyon > North Mountain > Hueco Tanks > Texas,https://www.mountainproject.com/route/118246238/chocolate-thunder,2.3,3,-1,Boulder,V1,1,20,31.9225,-106.0445
Donkey Head,Michael Kenyon > North Mountain > Hueco Tanks > Texas,https://www.mountainproject.com/route/106406272/donkey-head,2.4,5,-1,Boulder,V4,1,18,31.9225,-106.0445
Michael Kenyon,Michael Kenyon > North Mountain > Hueco Tanks > Texas,https://www.mountainproject.com/route/108508644/michael-kenyon,2.0,2,-1,Boulder,V4,1,18,31.9225,-106.0445
Godiva,Sign of the Choss > North Mountain > Hueco Tanks > Texas,https://www.mountainproject.com/route/125854858/godiva,3.0,1,-1,Boulder,V0 PG13,1,,31.9255,-106.04368
Hershey's Symphony,Sign of the Choss > North Mountain > Hueco Tanks > Texas,https://www.mountainproject.com/route/106412481/hersheys-symphony,3.6,122,-1,Boulder,V1 PG13,1,25,31.9255,-106.04368
Choss Training,Sign of the Choss > North Mountain > Hueco Tanks > Texas,https://www.mountainproject.com/route/106412473/choss-training,2.4,57,-1,Boulder,V3,1,10,31.9255,-106.04368
Sign of The Choss,Sign of the Choss > North Mountain > Hueco Tanks > Texas,https://www.mountainproject.com/route/106406324/sign-of-the-choss,2.9,33,-1,Boulder,V4,1,15,31.9255,-106.04368
Flake Magnet,Sign of the Choss > North Mountain > Hueco Tanks > Texas,https://www.mountainproject.com/route/122987464/flake-magnet,1.8,5,-1,Boulder,V4,1,10,31.9255,-106.04368
Rhinoplasty,Sign of the Choss > North Mountain > Hueco Tanks > Texas,https://www.mountainproject.com/route/125104729/rhinoplasty,2.5,2,-1,Boulder,V9-,1,,31.9255,-106.04368
The Rhino,Sign of the Choss > North Mountain > Hueco Tanks > Texas,https://www.mountainproject.com/route/117960338/the-rhino,2.3,3,-1,Boulder,V11,1,,31.9255,-106.04368
Diaphanous Sea,Sign of the Choss > North Mountain > Hueco Tanks > Texas,https://www.mountainproject.com/route/114100280/diaphanous-sea,3.9,10,-1,Boulder,V11,1,,31.9255,-106.04368
Bad Route,Girls of Juarez > North Mountain > Hueco Tanks > Texas,https://www.mountainproject.com/route/122029371/bad-route,2.5,4,-1,Boulder,V1,1,10,31.92249,-106.04448
What is the Soul?,Girls of Juarez > North Mountain > Hueco Tanks > Texas,https://www.mountainproject.com/route/112429226/what-is-the-soul,1.8,14,-1,Boulder,V2,1,,31.92249,-106.04448
Mexican Love Handle,Girls of Juarez > North Mountain > Hueco Tanks > Texas,https://www.mountainproject.com/route/111342660/mexican-love-handle,2.5,21,-1,Boulder,V2+,1,,31.92249,-106.04448
Supergoose,Girls of Juarez > North Mountain > Hueco Tanks > Texas,https://www.mountainproject.com/route/106432706/supergoose,2.3,58,-1,Boulder,V3,1,,31.92249,-106.04448
Girls of Juarez,Girls of Juarez > North Mountain > Hueco Tanks > Texas,https://www.mountainproject.com/route/106570780/girls-of-juarez,3.7,169,-1,Boulder,V4 PG13,1,15,31.92249,-106.04448
La Ola,Girls of Juarez > North Mountain > Hueco Tanks > Texas,https://www.mountainproject.com/route/120268149/la-ola,2.5,6,-1,Boulder,V4,1,4,31.92249,-106.04448
Burnt By The Sun,Girls of Juarez > North Mountain > Hueco Tanks > Texas,https://www.mountainproject.com/route/200465735/burnt-by-the-sun,2.0,1,-1,Boulder,V4,1,20,31.92249,-106.04448
Girls of El Paso,Girls of Juarez > North Mountain > Hueco Tanks > Texas,https://www.mountainproject.com/route/200447315/girls-of-el-paso,3.0,1,-1,Boulder,V5 PG13,1,18,31.92249,-106.04448
Girls of Texas,Girls of Juarez > North Mountain > Hueco Tanks > Texas,https://www.mountainproject.com/route/106570768/girls-of-texas,2.3,112,-1,Boulder,V5,1,10,31.92249,-106.04448
Shirtless,Girls of Juarez > North Mountain > Hueco Tanks > Texas,https://www.mountainproject.com/route/107068650/shirtless,1.0,1,-1,Boulder,V5,1,12,31.92249,-106.04448
Boys of Juarez,Girls of Juarez > North Mountain > Hueco Tanks > Texas,https://www.mountainproject.com/route/107015730/boys-of-juarez,2.8,8,-1,Boulder,V5+,1,15,31.92249,-106.04448
Black Mamba,Girls of Juarez > North Mountain > Hueco Tanks > Texas,https://www.mountainproject.com/route/106757761/black-mamba,2.5,8,-1,Boulder,V10,1,10,31.92249,-106.04448
Gangrene Seam,Wish It Were Still Lost Boulder > North Mountain > Hueco Tanks > Texas,https://www.mountainproject.com/route/126819901/gangrene-seam,1.0,1,-1,Boulder,V0 PG13,1,,31.9225,-106.0445
El Rauncho,Wish It Were Still Lost Boulder > North Mountain > Hueco Tanks > Texas,https://www.mountainproject.com/route/106432719/el-rauncho,2.6,17,-1,Boulder,V2,1,,31.9225,-106.0445
The French Route,Lost Puppy Boulder > North Mountain > Hueco Tanks > Texas,https://www.mountainproject.com/route/106432740/the-french-route,1.5,15,-1,Boulder,V0+,1,,31.9225,-106.0445
Cheapskate,Lost Puppy Boulder > North Mountain > Hueco Tanks > Texas,https://www.mountainproject.com/route/123632173/cheapskate,1.3,3,-1,Boulder,V1,1,8,31.9225,-106.0445
El Marko,Lost Puppy Boulder > North Mountain > Hueco Tanks > Texas,https://www.mountainproject.com/route/123632160/el-marko,2.5,2,-1,Boulder,V2,1,10,31.9225,-106.0445
Gingivitis,Power of Silence area > North Mountain > Hueco Tanks > Texas,https://www.mountainproject.com/route/120085911/gingivitis,2.0,23,-1,Boulder,V2-,1,8,31.9225,-106.0445
Ham Wallet,Power of Silence area > North Mountain > Hueco Tanks > Texas,https://www.mountainproject.com/route/120085980/ham-wallet,2.0,2,-1,Boulder,V2,1,12,31.9225,-106.0445
S. A. C.,Power of Silence area > North Mountain > Hueco Tanks > Texas,https://www.mountainproject.com/route/123238441/s-a-c,1.3,4,-1,Boulder,V2,1,,31.9225,-106.0445
Gums,Power of Silence area > North Mountain > Hueco Tanks > Texas,https://www.mountainproject.com/route/106432762/gums,3.4,39,-1,Boulder,V2,1,,31.9225,-106.0445
Speak To Me O' Toothless One,Power of Silence area > North Mountain > Hueco Tanks > Texas,https://www.mountainproject.com/route/106525514/speak-to-me-o-toothless-one,2.4,32,-1,Boulder,V2,1,12,31.9225,-106.0445
The Cleghorn Memorial Route,Power of Silence area > North Mountain > Hueco Tanks > Texas,https://www.mountainproject.com/route/112337874/the-cleghorn-memorial-route,2.2,5,-1,Boulder,V2,1,12,31.9225,-106.0445
[Redacted],Power of Silence area > North Mountain > Hueco Tanks > Texas,https://www.mountainproject.com/route/120085938/redacted,2.2,21,-1,Boulder,V5,1,8,31.9225,-106.0445
Dentata,Power of Silence area > North Mountain > Hueco Tanks > Texas,https://www.mountainproject.com/route/127117373/dentata,2.0,1,-1,Boulder,V6,1,20,31.9225,-106.0445
Sarah Stand,Power of Silence area > North Mountain > Hueco Tanks > Texas,https://www.mountainproject.com/route/120085963/sarah-stand,2.0,1,-1,Boulder,V9,1,10,31.9225,-106.0445
Power of Silence,Power of Silence area > North Mountain > Hueco Tanks > Texas,https://www.mountainproject.com/route/114037510/power-of-silence,3.8,6,-1,Boulder,V10,1,,31.9225,-106.0445
Sarah,Power of Silence area > North Mountain > Hueco Tanks > Texas,https://www.mountainproject.com/route/120085951/sarah,3.0,1,-1,Boulder,V11,1,12,31.9225,-106.0445
The Melon Patch,Scary Boulder > North Mountain > Hueco Tanks > Texas,https://www.mountainproject.com/route/106432774/the-melon-patch,3.7,167,-1,Boulder,V0,1,,31.92231,-106.04859
Scary Arete,Scary Boulder > North Mountain > Hueco Tanks > Texas,https://www.mountainproject.com/route/122987397/scary-arete,2.7,3,-1,Boulder,V3,1,10,31.92231,-106.04859
Phantom Fear Left,Scary Boulder > North Mountain > Hueco Tanks > Texas,https://www.mountainproject.com/route/122987195/phantom-fear-left,2.8,4,-1,Boulder,V8,1,13,31.92231,-106.04859
Ghetto Simulator,Ghetto Simulator > North Mountain > Hueco Tanks > Texas,https://www.mountainproject.com/route/106432787/ghetto-simulator,3.8,220,-1,Boulder,V2,1,,31.91986,-106.04598
To Die For,Ghetto Simulator > North Mountain > Hueco Tanks > Texas,https://www.mountainproject.com/route/106778159/to-die-for,4.0,7,-1,Boulder,V4+ R,1,20,31.91986,-106.04598
Batman,Ghetto Simulator > North Mountain > Hueco Tanks > Texas,https://www.mountainproject.com/route/123761170/batman,2.5,2,-1,Boulder,V6-7,1,10,31.91986,-106.04598
Quetin Tarrantino,Ghetto Simulator > North Mountain > Hueco Tanks > Texas,https://www.mountainproject.com/route/106686778/quetin-tarrantino,2.0,1,-1,Boulder,V9,1,10,31.91986,-106.04598
The Bore,Lost Cause Boulder Area > Lower Lost Boulders > North Mountain > Hueco Tanks > Texas,https://www.mountainproject.com/route/106432754/the-bore,-1.0,0,-1,Boulder,V0+,1,,31.92198,-106.04173
Pussy Route,Lost Cause Boulder Area > Lower Lost Boulders > North Mountain > Hueco Tanks > Texas,https://www.mountainproject.com/route/120135516/pussy-route,2.3,10,-1,Boulder,V1,1,,31.92198,-106.04173
Lip Sync,Lost Cause Boulder Area > Lower Lost Boulders > North Mountain > Hueco Tanks > Texas,https://www.mountainproject.com/route/106432749/lip-sync,3.0,76,-1,Boulder,V3,1,,31.92198,-106.04173
Bloody Flapper,Lost Cause Boulder Area > Lower Lost Boulders > North Mountain > Hueco Tanks > Texas,https://www.mountainproject.com/route/106753175/bloody-flapper,2.9,81,-1,Boulder,V4,1,16,31.92198,-106.04173
Gloria,Lost Cause Boulder Area > Lower Lost Boulders > North Mountain > Hueco Tanks > Texas,https://www.mountainproject.com/route/106984609/gloria,2.2,22,-1,Boulder,V7,1,12,31.92198,-106.04173
Shamu,Lost Cause Boulder Area > Lower Lost Boulders > North Mountain > Hueco Tanks > Texas,https://www.mountainproject.com/route/117698397/shamu,2.9,10,-1,Boulder,V9,1,12,31.92198,-106.04173
Banana Juice,Lost Cause Boulder Area > Lower Lost Boulders > North Mountain > Hueco Tanks > Texas,https://www.mountainproject.com/route/121909246/banana-juice,3.0,4,-1,Boulder,V9,1,20,31.92198,-106.04173
Free willy,Lost Cause Boulder Area > Lower Lost Boulders > North Mountain > Hueco Tanks > Texas,https://www.mountainproject.com/route/108595097/free-willy,3.7,21,-1,Boulder,V10,1,15,31.92198,-106.04173
Dean's Journey,Lost Cause Boulder Area > Lower Lost Boulders > North Mountain > Hueco Tanks > Texas,https://www.mountainproject.com/route/106686826/deans-journey,3.7,19,-1,Boulder,V10,1,13,31.92198,-106.04173
The Dripping Gash,Lunch Rocks > North Mountain > Hueco Tanks > Texas,https://www.mountainproject.com/route/116162821/the-dripping-gash,3.0,4,-1,Boulder,V0,1,12,31.92393,-106.04793
Tell Mama,Lunch Rocks > North Mountain > Hueco Tanks > Texas,https://www.mountainproject.com/route/109743663/tell-mama,1.4,5,-1,Boulder,V1,1,,31.92393,-106.04793
The Thighburner,Lunch Rocks > North Mountain > Hueco Tanks > Texas,https://www.mountainproject.com/route/116162828/the-thighburner,1.0,1,-1,Boulder,V1,1,14,31.92393,-106.04793
Wonderhole (CLOSED),Lunch Rocks > North Mountain > Hueco Tanks > Texas,https://www.mountainproject.com/route/107062767/wonderhole-closed,1.9,29,-1,Boulder,V1,1,10,31.92393,-106.04793
Orifice Affair,Lunch Rocks > North Mountain > Hueco Tanks > Texas,https://www.mountainproject.com/route/106738416/orifice-affair,3.0,108,-1,Boulder,V2,1,10,31.92393,-106.04793
Daily Grind,Lunch Rocks > North Mountain > Hueco Tanks > Texas,https://www.mountainproject.com/route/123817041/daily-grind,2.8,5,-1,Boulder,V2,1,15,31.92393,-106.04793
Sculpture,Lunch Rocks > North Mountain > Hueco Tanks > Texas,https://www.mountainproject.com/route/109743671/sculpture,1.5,2,-1,Boulder,V2,1,,31.92393,-106.04793
Hard Again,Lunch Rocks > North Mountain > Hueco Tanks > Texas,https://www.mountainproject.com/route/106738432/hard-again,2.5,22,-1,Boulder,V3,1,15,31.92393,-106.04793
Another Day Another Dollar,Lunch Rocks > North Mountain > Hueco Tanks > Texas,https://www.mountainproject.com/route/106993032/another-day-another-dollar,2.8,12,-1,Boulder,V6,1,10,31.92393,-106.04793
How Cilley Can You Get?,Lunch Rocks > North Mountain > Hueco Tanks > Texas,https://www.mountainproject.com/route/126769863/how-cilley-can-you-get,2.0,1,-1,Boulder,V6,1,,31.92393,-106.04793
Chong Li,Lunch Rocks > North Mountain > Hueco Tanks > Texas,https://www.mountainproject.com/route/107948056/chong-li,1.4,5,-1,Boulder,V7,1,10,31.92393,-106.04793
Smooth Move,Lunch Rocks > North Mountain > Hueco Tanks > Texas,https://www.mountainproject.com/route/112251094/smooth-move,3.3,14,-1,Boulder,V7,1,12,31.92393,-106.04793
Diamond In The Rough,Lunch Rocks > North Mountain > Hueco Tanks > Texas,https://www.mountainproject.com/route/114119769/diamond-in-the-rough,2.0,1,-1,Boulder,V7,1,,31.92393,-106.04793
Roughage,Lunch Rocks > North Mountain > Hueco Tanks > Texas,https://www.mountainproject.com/route/106738403/roughage,3.8,6,-1,Boulder,V7 PG13,1,18,31.92393,-106.04793
No Wonder,Lunch Rocks > North Mountain > Hueco Tanks > Texas,https://www.mountainproject.com/route/106993041/no-wonder,2.1,10,-1,Boulder,V7,1,12,31.92393,-106.04793
High Strung,Lunch Rocks > North Mountain > Hueco Tanks > Texas,https://www.mountainproject.com/route/123798420/high-strung,3.0,2,-1,Boulder,V8 PG13,1,15,31.92393,-106.04793
The Wonder Dyno,Lunch Rocks > North Mountain > Hueco Tanks > Texas,https://www.mountainproject.com/route/107812792/the-wonder-dyno,2.8,6,-1,Boulder,V10,1,,31.92393,-106.04793
Toastmaster,Laguna Corridor > North Mountain > Hueco Tanks > Texas,https://www.mountainproject.com/route/200755120/toastmaster,2.0,1,-1,Boulder,V0,1,18,31.92422,-106.04719
Bushmaster Elite,Laguna Corridor > North Mountain > Hueco Tanks > Texas,https://www.mountainproject.com/route/200755097/bushmaster-elite,2.0,1,-1,Boulder,V2,1,20,31.92422,-106.04719
Birth Rights,Laguna Corridor > North Mountain > Hueco Tanks > Texas,https://www.mountainproject.com/route/119746270/birth-rights,2.4,9,-1,Boulder,V3,1,12,31.92422,-106.04719
The Giving Tree,Laguna Corridor > North Mountain > Hueco Tanks > Texas,https://www.mountainproject.com/route/119729053/the-giving-tree,3.0,3,-1,Boulder,V5,1,,31.92422,-106.04719
Wicicala Cave,Laguna Corridor > North Mountain > Hueco Tanks > Texas,https://www.mountainproject.com/route/106748076/wicicala-cave,2.7,23,-1,Boulder,V5,1,12,31.92422,-106.04719
Evergreen,Laguna Corridor > North Mountain > Hueco Tanks > Texas,https://www.mountainproject.com/route/119729070/evergreen,3.7,3,-1,Boulder,V7,1,,31.92422,-106.04719
Iron Maiden,Guns of Navarone > North Mountain > Hueco Tanks > Texas,https://www.mountainproject.com/route/200738950/iron-maiden,2.0,1,-1,Boulder,V0,1,18,31.9225,-106.0445
Unknown,Guns of Navarone > North Mountain > Hueco Tanks > Texas,https://www.mountainproject.com/route/106921843/unknown,4.0,1,-1,Boulder,V3,1,16,31.9225,-106.0445
Guns of Navarone,Guns of Navarone > North Mountain > Hueco Tanks > Texas,https://www.mountainproject.com/route/106921719/guns-of-navarone,3.4,34,-1,Boulder,V6 PG13,1,18,31.9225,-106.0445
Pinch Face,Guns of Navarone > North Mountain > Hueco Tanks > Texas,https://www.mountainproject.com/route/107427147/pinch-face,2.0,1,-1,Boulder,V6,1,10,31.9225,-106.0445
The Laughing Sutra,See-thru Hueco Boulder > North Mountain > Hueco Tanks > Texas,https://www.mountainproject.com/route/107052309/the-laughing-sutra,3.1,34,-1,Boulder,V1,1,18,31.92284,-106.04686
Unknown Left Overhang,North Of The Chains Overhang > North Mountain > Hueco Tanks > Texas,https://www.mountainproject.com/route/107072293/unknown-left-overhang,1.8,9,-1,Boulder,V1,1,25,31.9225,-106.0445
Unknown Right Overhang,North Of The Chains Overhang > North Mountain > Hueco Tanks > Texas,https://www.mountainproject.com/route/107072314/unknown-right-overhang,2.9,8,-1,Boulder,V3,1,20,31.9225,-106.0445
Unknown FAR Right Overhang,North Of The Chains Overhang > North Mountain > Hueco Tanks > Texas,https://www.mountainproject.com/route/107953983/unknown-far-right-overhang,2.0,5,-1,Boulder,V5,1,15,31.9225,-106.0445
Home of the D-Cups,Mammary Lane > North Mountain > Hueco Tanks > Texas,https://www.mountainproject.com/route/108005998/home-of-the-d-cups,2.0,10,-1,Boulder,V0-,1,,31.92593,-106.04457
Pearl Necklace,Mammary Lane > North Mountain > Hueco Tanks > Texas,https://www.mountainproject.com/route/107405644/pearl-necklace,2.0,3,-1,Boulder,V4,1,12,31.92593,-106.04457
Denote,Fox's Den > North Mountain > Hueco Tanks > Texas,https://www.mountainproject.com/route/122254526/denote,1.5,4,-1,Boulder,V0,1,15,31.92384,-106.04726
De Novo,Fox's Den > North Mountain > Hueco Tanks > Texas,https://www.mountainproject.com/route/123233995/de-novo,3.0,2,-1,Boulder,V0 R,1,30,31.92384,-106.04726
Show Us Your Butthole,Fox's Den > North Mountain > Hueco Tanks > Texas,https://www.mountainproject.com/route/200249656/show-us-your-butthole,2.5,2,-1,Boulder,V0,1,12,31.92384,-106.04726
Tall Cool Dead One,Fox's Den > North Mountain > Hueco Tanks > Texas,https://www.mountainproject.com/route/122254485/tall-cool-dead-one,4.0,13,-1,Boulder,V2 X,1,30,31.92384,-106.04726
Split Decision,Fox's Den > North Mountain > Hueco Tanks > Texas,https://www.mountainproject.com/route/123233933/split-decision,2.0,1,-1,Boulder,V3,1,,31.92384,-106.04726
Denizen,Fox's Den > North Mountain > Hueco Tanks > Texas,https://www.mountainproject.com/route/107965914/denizen,3.8,91,-1,Boulder,V4,1,15,31.92384,-106.04726
Rifle In The Den,Fox's Den > North Mountain > Hueco Tanks > Texas,https://www.mountainproject.com/route/123769665/rifle-in-the-den,3.0,1,-1,Boulder,V9,1,12,31.92384,-106.04726
Dab,Dab > North Mountain > Hueco Tanks > Texas,https://www.mountainproject.com/route/108553619/dab,2.6,34,-1,Boulder,V4,1,12,31.92315,-106.04782
Dabalicious,Dab > North Mountain > Hueco Tanks > Texas,https://www.mountainproject.com/route/125763366/dabalicious,2.0,1,-1,Boulder,V6,1,,31.92315,-106.04782
Sigogglin,Dab > North Mountain > Hueco Tanks > Texas,https://www.mountainproject.com/route/121909364/sigogglin,3.3,4,-1,Boulder,V7,1,15,31.92315,-106.04782
Jugular,Summit Boulders > North Mountain > Hueco Tanks > Texas,https://www.mountainproject.com/route/109574692/jugular,2.6,5,-1,Boulder,V0- PG13,1,18,31.92263,-106.04733
Easy Dilator,Summit Boulders > North Mountain > Hueco Tanks > Texas,https://www.mountainproject.com/route/116645882/easy-dilator,2.3,3,-1,Boulder,V0,1,,31.92263,-106.04733
Groupie Alert,Summit Boulders > North Mountain > Hueco Tanks > Texas,https://www.mountainproject.com/route/109574689/groupie-alert,3.0,5,-1,Boulder,V2 PG13,1,20,31.92263,-106.04733
TNT,Bloodline > North Mountain > Hueco Tanks > Texas,https://www.mountainproject.com/route/110044643/tnt,1.5,2,-1,Boulder,V2,1,,31.92112,-106.04765
Bloodline,Bloodline > North Mountain > Hueco Tanks > Texas,https://www.mountainproject.com/route/109735282/bloodline,3.8,40,-1,Boulder,V7,1,15,31.92112,-106.04765
Coffee Achiever,Nachoman > North Mountain > Hueco Tanks > Texas,https://www.mountainproject.com/route/110025195/coffee-achiever,3.1,15,-1,Boulder,V5,1,,31.9225,-106.0445
El Techo de los Tres B,Nachoman > North Mountain > Hueco Tanks > Texas,https://www.mountainproject.com/route/110025210/el-techo-de-los-tres-b,3.5,11,-1,Boulder,V11,1,,31.9225,-106.0445
Epilady,Hairy Boulder > North Mountain > Hueco Tanks > Texas,https://www.mountainproject.com/route/111459795/epilady,2.6,15,-1,Boulder,V1,1,,31.92476,-106.04707
Ghherkin in a Merkin,Hairy Boulder > North Mountain > Hueco Tanks > Texas,https://www.mountainproject.com/route/111459930/ghherkin-in-a-merkin,2.3,3,-1,Boulder,V1,1,,31.92476,-106.04707
shaved pits,Hairy Boulder > North Mountain > Hueco Tanks > Texas,https://www.mountainproject.com/route/111459813/shaved-pits,3.3,19,-1,Boulder,V2,1,,31.92476,-106.04707
Five O'Clock Shadow,Hairy Boulder > North Mountain > Hueco Tanks > Texas,https://www.mountainproject.com/route/118246196/five-oclock-shadow,2.6,7,-1,Boulder,V3,1,15,31.92476,-106.04707
NE Face,Deliverance area > North Mountain > Hueco Tanks > Texas,https://www.mountainproject.com/route/118246152/ne-face,3.0,7,-1,Boulder,V1 PG13,1,20,31.92392,-106.04797
East face,Deliverance area > North Mountain > Hueco Tanks > Texas,https://www.mountainproject.com/route/111459954/east-face,2.7,7,-1,Boulder,V1,1,,31.92392,-106.04797
Southern Hospitality,Deliverance area > North Mountain > Hueco Tanks > Texas,https://www.mountainproject.com/route/111459961/southern-hospitality,2.9,8,-1,Boulder,V2,1,,31.92392,-106.04797
Gay Abandon,Between > North Mountain > Hueco Tanks > Texas,https://www.mountainproject.com/route/111615317/gay-abandon,1.7,3,-1,Boulder,V0-,1,11,31.91537,-106.04171
Hard Wipe,Between > North Mountain > Hueco Tanks > Texas,https://www.mountainproject.com/route/111615348/hard-wipe,1.7,3,-1,Boulder,V0-,1,13,31.91537,-106.04171
The Hashmarker,Between > North Mountain > Hueco Tanks > Texas,https://www.mountainproject.com/route/111615355/the-hashmarker,2.0,2,-1,Boulder,V0-,1,13,31.91537,-106.04171
Tobacco-chewing Gut-chomping Kinfolk from Hell,Between > North Mountain > Hueco Tanks > Texas,https://www.mountainproject.com/route/111615278/tobacco-chewing-gut-chomping-kinfolk-from-hell,2.0,4,-1,Boulder,V0,1,,31.91537,-106.04171
Bad Buddy,Between > North Mountain > Hueco Tanks > Texas,https://www.mountainproject.com/route/111615299/bad-buddy,1.2,5,-1,Boulder,V0,1,7,31.91537,-106.04171
Saxon Tactics,Between > North Mountain > Hueco Tanks > Texas,https://www.mountainproject.com/route/111615306/saxon-tactics,1.3,3,-1,Boulder,V0,1,12,31.91537,-106.04171
The Sphincter,Between > North Mountain > Hueco Tanks > Texas,https://www.mountainproject.com/route/111615324/the-sphincter,2.0,6,-1,Boulder,V0,1,,31.91537,-106.04171
Dingleberry Jones and the Lost Crusade,Between > North Mountain > Hueco Tanks > Texas,https://www.mountainproject.com/route/111615336/dingleberry-jones-and-the-lost-crusade,2.2,6,-1,Boulder,V0,1,13,31.91537,-106.04171
Basket Case,Between > North Mountain > Hueco Tanks > Texas,https://www.mountainproject.com/route/127002022/basket-case,1.0,1,-1,Boulder,V2,1,,31.91537,-106.04171
Secret Weapon,Between > North Mountain > Hueco Tanks > Texas,https://www.mountainproject.com/route/127002034/secret-weapon,1.0,1,-1,Boulder,V2,1,,31.91537,-106.04171
Flesh Tuxedo,Between > North Mountain > Hueco Tanks > Texas,https://www.mountainproject.com/route/127002043/flesh-tuxedo,3.0,2,-1,Boulder,V2,1,,31.91537,-106.04171
Gay Abandon,The Three Stack > North Mountain > Hueco Tanks > Texas,https://www.mountainproject.com/route/112054425/gay-abandon,1.0,6,-1,Boulder,V0-,1,12,31.9225,-106.0445
Top Guy,The Three Stack > North Mountain > Hueco Tanks > Texas,https://www.mountainproject.com/route/112054411/top-guy,1.5,10,-1,Boulder,V0,1,12,31.9225,-106.0445
Saxon Tactics,The Three Stack > North Mountain > Hueco Tanks > Texas,https://www.mountainproject.com/route/123627430/saxon-tactics,1.0,5,-1,Boulder,V0+,1,12,31.9225,-106.0445
Butt Buddy,The Three Stack > North Mountain > Hueco Tanks > Texas,https://www.mountainproject.com/route/123627415/butt-buddy,1.2,6,-1,Boulder,V1,1,8,31.9225,-106.0445
Lucky Pierre,The Three Stack > North Mountain > Hueco Tanks > Texas,https://www.mountainproject.com/route/123627422/lucky-pierre,2.0,5,-1,Boulder,V2,1,10,31.9225,-106.0445
Loaded With Power,Loaded with Power > North Mountain > Hueco Tanks > Texas,https://www.mountainproject.com/route/116072618/loaded-with-power,3.7,21,-1,Boulder,V10,1,,31.9225,-106.04449
Loaded Direct,Loaded with Power > North Mountain > Hueco Tanks > Texas,https://www.mountainproject.com/route/116146285/loaded-direct,-1.0,0,-1,Boulder,V11-12,1,,31.9225,-106.04449
Papal Bull,Cueva de Leon > North Mountain > Hueco Tanks > Texas,https://www.mountainproject.com/route/119503057/papal-bull,2.3,3,-1,Boulder,V5,1,20,31.92374,-106.04757
Vestibule aka ‘This Sux’,Cueva de Leon > North Mountain > Hueco Tanks > Texas,https://www.mountainproject.com/route/123776419/vestibule-aka-this-sux,2.9,14,-1,Boulder,V8-,1,10,31.92374,-106.04757
No Time to Die,Southern Belle/ No Time To Die > North Mountain > Hueco Tanks > Texas,https://www.mountainproject.com/route/119568632/no-time-to-die,3.0,1,-1,Boulder,V6,1,20,31.92018,-106.04319
Beggar’s Traverse,Beggar’s Boulder > North Mountain > Hueco Tanks > Texas,https://www.mountainproject.com/route/120306264/beggars-traverse,3.0,1,-1,Boulder,V2,1,,31.92258,-106.04504
Rude Right,Rude Boys Boulder > North Mountain > Hueco Tanks > Texas,https://www.mountainproject.com/route/123495582/rude-right,3.0,6,-1,Boulder,V6 PG13,1,15,31.92093,-106.045
Rude Boys,Rude Boys Boulder > North Mountain > Hueco Tanks > Texas,https://www.mountainproject.com/route/123761705/rude-boys,3.8,5,-1,Boulder,V8+,1,,31.92093,-106.045
Dementia,The Psych Ward > North Mountain > Hueco Tanks > Texas,https://www.mountainproject.com/route/126678581/dementia,3.0,1,-1,Boulder,V1 PG13,1,20,31.92554,-106.04638
Graphic Jam,Windowpain > North Mountain > Hueco Tanks > Texas,https://www.mountainproject.com/route/200872394/graphic-jam,3.0,1,-1,Boulder,V1 PG13,1,18,31.91591,-106.04235
Unknown wall 2,The Maze > East Spur > Hueco Tanks > Texas,https://www.mountainproject.com/route/107505521/unknown-wall-2,3.0,4,-1,Boulder,V0,1,18,31.9108,-106.0372
Stinkfoot,The Maze > East Spur > Hueco Tanks > Texas,https://www.mountainproject.com/route/110039722/stinkfoot,3.1,25,-1,Boulder,V0,1,,31.9108,-106.0372
Clumsy Plumber,The Maze > East Spur > Hueco Tanks > Texas,https://www.mountainproject.com/route/110534310/clumsy-plumber,1.8,19,-1,Boulder,V0,1,10,31.9108,-106.0372
Bildo,The Maze > East Spur > Hueco Tanks > Texas,https://www.mountainproject.com/route/112429260/bildo,1.8,5,-1,Boulder,V0,1,,31.9108,-106.0372
Flexin Texan,The Maze > East Spur > Hueco Tanks > Texas,https://www.mountainproject.com/route/112429268/flexin-texan,2.3,36,-1,Boulder,V1,1,,31.9108,-106.0372
Unknown wall 1,The Maze > East Spur > Hueco Tanks > Texas,https://www.mountainproject.com/route/107505504/unknown-wall-1,3.0,4,-1,Boulder,V1,1,15,31.9108,-106.0372
Black and Blue,The Maze > East Spur > Hueco Tanks > Texas,https://www.mountainproject.com/route/110091877/black-and-blue,2.8,38,-1,Boulder,V1+,1,,31.9108,-106.0372
Ten Inch Plastic Boyfriend,The Maze > East Spur > Hueco Tanks > Texas,https://www.mountainproject.com/route/110535197/ten-inch-plastic-boyfriend,1.8,8,-1,Boulder,V1+,1,10,31.9108,-106.0372
Udder Destruction,The Maze > East Spur > Hueco Tanks > Texas,https://www.mountainproject.com/route/110534473/udder-destruction,2.2,26,-1,Boulder,V2,1,10,31.9108,-106.0372
Strip Show Faux Pas,The Maze > East Spur > Hueco Tanks > Texas,https://www.mountainproject.com/route/112452674/strip-show-faux-pas,2.7,20,-1,Boulder,V2,1,,31.9108,-106.0372
Italy Overthrown,The Maze > East Spur > Hueco Tanks > Texas,https://www.mountainproject.com/route/125863022/italy-overthrown,1.7,3,-1,Boulder,V2,1,,31.9108,-106.0372
Slayride,The Maze > East Spur > Hueco Tanks > Texas,https://www.mountainproject.com/route/107017703/slayride,3.0,2,-1,Boulder,V2,1,20,31.9108,-106.0372
[Redacted],The Maze > East Spur > Hueco Tanks > Texas,https://www.mountainproject.com/route/110534435/redacted,2.5,4,-1,Boulder,V3,1,13,31.9108,-106.0372
JV,The Maze > East Spur > Hueco Tanks > Texas,https://www.mountainproject.com/route/123793810/jv,2.5,4,-1,Boulder,V3,1,8,31.9108,-106.0372
Crack Practice,The Maze > East Spur > Hueco Tanks > Texas,https://www.mountainproject.com/route/123822482/crack-practice,2.0,1,-1,Boulder,V3+,1,12,31.9108,-106.0372
Godzillatron Kush,The Maze > East Spur > Hueco Tanks > Texas,https://www.mountainproject.com/route/116730921/godzillatron-kush,3.0,4,-1,Boulder,V3-4,1,,31.9108,-106.0372
The Cowpuncher,The Maze > East Spur > Hueco Tanks > Texas,https://www.mountainproject.com/route/110534506/the-cowpuncher,2.0,2,-1,Boulder,V4,1,13,31.9108,-106.0372
Trubblemaker,The Maze > East Spur > Hueco Tanks > Texas,https://www.mountainproject.com/route/110534720/trubblemaker,2.0,1,-1,Boulder,V4,1,20,31.9108,-106.0372
Jigsaw Puzzle,The Maze > East Spur > Hueco Tanks > Texas,https://www.mountainproject.com/route/105810776/jigsaw-puzzle,3.6,80,-1,Boulder,V5,1,,31.9108,-106.0372
Meat Maker,The Maze > East Spur > Hueco Tanks > Texas,https://www.mountainproject.com/route/105810783/meat-maker,2.5,49,-1,Boulder,V5,1,,31.9108,-106.0372
Slim Pickins,The Maze > East Spur > Hueco Tanks > Texas,https://www.mountainproject.com/route/105810786/slim-pickins,3.8,20,-1,Boulder,V5,1,,31.9108,-106.0372
Jingus Bells,The Maze > East Spur > Hueco Tanks > Texas,https://www.mountainproject.com/route/106100314/jingus-bells,3.9,20,-1,Boulder,V5,1,,31.9108,-106.0372
Unknown traverse,The Maze > East Spur > Hueco Tanks > Texas,https://www.mountainproject.com/route/107505538/unknown-traverse,2.0,1,-1,Boulder,V6,1,15,31.9108,-106.0372
Better Beat Your Sweeties,The Maze > East Spur > Hueco Tanks > Texas,https://www.mountainproject.com/route/106100310/better-beat-your-sweeties,2.4,48,-1,Boulder,V7,1,,31.9108,-106.0372
Javalina,The Maze > East Spur > Hueco Tanks > Texas,https://www.mountainproject.com/route/106369393/javalina,3.7,3,-1,Boulder,V8,1,25,31.9108,-106.0372
Better Eat Your Wheaties,The Maze > East Spur > Hueco Tanks > Texas,https://www.mountainproject.com/route/105810780/better-eat-your-wheaties,3.7,45,-1,Boulder,V9,1,,31.9108,-106.0372
Hector,The Maze > East Spur > Hueco Tanks > Texas,https://www.mountainproject.com/route/106369403/hector,1.7,3,-1,Boulder,V9,1,15,31.9108,-106.0372
This Is Your Brain On Drugs,The Maze > East Spur > Hueco Tanks > Texas,https://www.mountainproject.com/route/113788708/this-is-your-brain-on-drugs,2.3,21,-1,Boulder,V9,1,10,31.9108,-106.0372
Up Tall Elliptical Pockets,The Gunks > East Spur > Hueco Tanks > Texas,https://www.mountainproject.com/route/110039684/up-tall-elliptical-pockets,2.4,14,-1,Boulder,V0,1,,31.9108,-106.0372
man in a cage,The Gunks > East Spur > Hueco Tanks > Texas,https://www.mountainproject.com/route/110091889/man-in-a-cage,1.0,1,-1,Boulder,V1,1,,31.9108,-106.0372
Last Train to Clarksville,The Gunks > East Spur > Hueco Tanks > Texas,https://www.mountainproject.com/route/110091907/last-train-to-clarksville,1.0,1,-1,Boulder,V1,1,,31.9108,-106.0372
Layback and like it,The Gunks > East Spur > Hueco Tanks > Texas,https://www.mountainproject.com/route/109765575/layback-and-like-it,2.8,11,-1,Boulder,V2,1,,31.9108,-106.0372
The Vulgarian,The Gunks > East Spur > Hueco Tanks > Texas,https://www.mountainproject.com/route/106101183/the-vulgarian,3.5,155,-1,Boulder,V2,1,,31.9108,-106.0372
Unknown,The Gunks > East Spur > Hueco Tanks > Texas,https://www.mountainproject.com/route/107509443/unknown,1.0,1,-1,Boulder,V3,1,10,31.9108,-106.0372
All the Idiots,The Gunks > East Spur > Hueco Tanks > Texas,https://www.mountainproject.com/route/112429209/all-the-idiots,1.9,10,-1,Boulder,V3,1,,31.9108,-106.0372
Big Jim,The Gunks > East Spur > Hueco Tanks > Texas,https://www.mountainproject.com/route/116620723/big-jim,2.9,24,-1,Boulder,V3,1,,31.9108,-106.0372
The Banana Splits,The Gunks > East Spur > Hueco Tanks > Texas,https://www.mountainproject.com/route/107927706/the-banana-splits,2.0,2,-1,Boulder,V4,1,14,31.9108,-106.0372
Fight or Flight,The Gunks > East Spur > Hueco Tanks > Texas,https://www.mountainproject.com/route/107405661/fight-or-flight,3.4,25,-1,Boulder,V4,1,17,31.9108,-106.0372
Y Chihuahua,The Gunks > East Spur > Hueco Tanks > Texas,https://www.mountainproject.com/route/200426992/y-chihuahua,3.0,2,-1,Boulder,V4,1,20,31.9108,-106.0372
Unknown (Right of Fight or Flight),The Gunks > East Spur > Hueco Tanks > Texas,https://www.mountainproject.com/route/125627734/unknown-right-of-fight-or-flight,2.0,1,-1,Boulder,V5,1,8,31.9108,-106.0372
"Hey, Hey, Hey We're the Monkeys",The Gunks > East Spur > Hueco Tanks > Texas,https://www.mountainproject.com/route/107927718/hey-hey-hey-were-the-monkeys,1.0,1,-1,Boulder,V5,1,16,31.9108,-106.0372
Shooting for the Hole,The Gunks > East Spur > Hueco Tanks > Texas,https://www.mountainproject.com/route/107927741/shooting-for-the-hole,1.8,10,-1,Boulder,V5,1,12,31.9108,-106.0372
Walrus in a Blender,The Gunks > East Spur > Hueco Tanks > Texas,https://www.mountainproject.com/route/106147836/walrus-in-a-blender,2.5,93,-1,Boulder,V5,1,,31.9108,-106.0372
The Hunger Artist aka Alf in a Blender,The Gunks > East Spur > Hueco Tanks > Texas,https://www.mountainproject.com/route/106101168/the-hunger-artist-aka-alf-in-a-blender,3.3,37,-1,Boulder,V6,1,,31.9108,-106.0372
The Cornerstone AKA: Dean's Corner,The Gunks > East Spur > Hueco Tanks > Texas,https://www.mountainproject.com/route/106370255/the-cornerstone-aka-deans-corner,4.0,2,-1,Boulder,V6,1,25,31.9108,-106.0372
Well Endowed Jim,The Gunks > East Spur > Hueco Tanks > Texas,https://www.mountainproject.com/route/125627772/well-endowed-jim,2.0,1,-1,Boulder,V6,1,12,31.9108,-106.0372
Fight or Flight Sit,The Gunks > East Spur > Hueco Tanks > Texas,https://www.mountainproject.com/route/116191881/fight-or-flight-sit,2.5,2,-1,Boulder,V6,1,,31.9108,-106.0372
New Religion,The Gunks > East Spur > Hueco Tanks > Texas,https://www.mountainproject.com/route/106101052/new-religion,3.6,137,-1,Boulder,V7,1,,31.9108,-106.0372
Brand New Rligion,The Gunks > East Spur > Hueco Tanks > Texas,https://www.mountainproject.com/route/107030735/brand-new-rligion,2.0,1,-1,Boulder,V8,1,20,31.9108,-106.0372
Bush League,The Gunks > East Spur > Hueco Tanks > Texas,https://www.mountainproject.com/route/107505490/bush-league,3.5,13,-1,Boulder,V8,1,15,31.9108,-106.0372
New Religion Sit,The Gunks > East Spur > Hueco Tanks > Texas,https://www.mountainproject.com/route/107507289/new-religion-sit,2.7,28,-1,Boulder,V8,1,12,31.9108,-106.0372
Bad Religion,The Gunks > East Spur > Hueco Tanks > Texas,https://www.mountainproject.com/route/110648492/bad-religion,3.7,47,-1,Boulder,V8,1,,31.9108,-106.0372
All The Religious Idiots,The Gunks > East Spur > Hueco Tanks > Texas,https://www.mountainproject.com/route/116810543/all-the-religious-idiots,2.0,2,-1,Boulder,V8-9,1,,31.9108,-106.0372
Windy Ass,The Gunks > East Spur > Hueco Tanks > Texas,https://www.mountainproject.com/route/116810392/windy-ass,-1.0,0,-1,Boulder,V9+,1,,31.9108,-106.0372
Full Monty,The Gunks > East Spur > Hueco Tanks > Texas,https://www.mountainproject.com/route/122838163/full-monty,3.7,3,-1,Boulder,V12,1,11,31.9108,-106.0372
The Handcuff Trick,Back of the Maze > East Spur > Hueco Tanks > Texas,https://www.mountainproject.com/route/116836505/the-handcuff-trick,3.8,4,-1,Boulder,V0- PG13,1,,31.9123,-106.0394
Pirelli,Back of the Maze > East Spur > Hueco Tanks > Texas,https://www.mountainproject.com/route/107017746/pirelli,2.0,2,-1,Boulder,V5,1,18,31.9123,-106.0394
Nobody's Funky,Back of the Maze > East Spur > Hueco Tanks > Texas,https://www.mountainproject.com/route/114013828/nobodys-funky,2.4,5,-1,Boulder,V7-,1,8,31.9123,-106.0394
Je Suis Wedge,Back of the Maze > East Spur > Hueco Tanks > Texas,https://www.mountainproject.com/route/117132259/je-suis-wedge,2.0,3,-1,Boulder,V8-,1,,31.9123,-106.0394
Troglodyte,Back of the Maze > East Spur > Hueco Tanks > Texas,https://www.mountainproject.com/route/117132192/troglodyte,1.8,4,-1,Boulder,V8,1,,31.9123,-106.0394
Les Fleurs Pourpes,Back of the Maze > East Spur > Hueco Tanks > Texas,https://www.mountainproject.com/route/106686745/les-fleurs-pourpes,3.1,8,-1,Boulder,V9- PG13,1,,31.9123,-106.0394
Glas Roof,Back of the Maze > East Spur > Hueco Tanks > Texas,https://www.mountainproject.com/route/106369823/glas-roof,3.0,10,-1,Boulder,V9,1,15,31.9123,-106.0394
The Egg,Back of the Maze > East Spur > Hueco Tanks > Texas,https://www.mountainproject.com/route/106369839/the-egg,3.9,20,-1,Boulder,V9,1,15,31.9123,-106.0394
The Man with the Black Lunettes,Back of the Maze > East Spur > Hueco Tanks > Texas,https://www.mountainproject.com/route/107017753/the-man-with-the-black-lunettes,1.0,1,-1,Boulder,V9,1,15,31.9123,-106.0394
Flower Power,Back of the Maze > East Spur > Hueco Tanks > Texas,https://www.mountainproject.com/route/106369874/flower-power,3.9,7,-1,Boulder,V10-11,1,25,31.9123,-106.0394
Longshot,Stableboy Rock and Vicinity > East Spur > Hueco Tanks > Texas,https://www.mountainproject.com/route/120144676/longshot,2.5,2,-1,Boulder,V3,1,20,31.913,-106.038
"Chow, Chow, Chow",Stableboy Rock and Vicinity > East Spur > Hueco Tanks > Texas,https://www.mountainproject.com/route/107017714/chow-chow-chow,1.5,2,-1,Boulder,V4,1,18,31.913,-106.038
Dead Legends,Stableboy Rock and Vicinity > East Spur > Hueco Tanks > Texas,https://www.mountainproject.com/route/107427158/dead-legends,2.0,2,-1,Boulder,V5,1,12,31.913,-106.038
Gravy Train Tryout,Stableboy Rock and Vicinity > East Spur > Hueco Tanks > Texas,https://www.mountainproject.com/route/107950103/gravy-train-tryout,1.5,2,-1,Boulder,V5,1,15,31.913,-106.038
That Hi-Pro Glow,Stableboy Rock and Vicinity > East Spur > Hueco Tanks > Texas,https://www.mountainproject.com/route/107405674/that-hi-pro-glow,3.6,67,-1,Boulder,V6,1,12,31.913,-106.038
Mr Serious,Stableboy Rock and Vicinity > East Spur > Hueco Tanks > Texas,https://www.mountainproject.com/route/106536335/mr-serious,3.2,14,-1,Boulder,V8,1,12,31.913,-106.038
The French Tickler,Stableboy Rock and Vicinity > East Spur > Hueco Tanks > Texas,https://www.mountainproject.com/route/106686751/the-french-tickler,4.0,5,-1,Boulder,V9 PG13,1,15,31.913,-106.038
Rumble in the Jungle,Stableboy Rock and Vicinity > East Spur > Hueco Tanks > Texas,https://www.mountainproject.com/route/124009133/rumble-in-the-jungle,3.0,2,-1,Boulder,V12,1,,31.913,-106.038
The Give,The Sausage Factory > East Spur > Hueco Tanks > Texas,https://www.mountainproject.com/route/116191741/the-give,2.0,7,-1,Boulder,V3+,1,,31.9108,-106.0372
Smokin Sausage,The Sausage Factory > East Spur > Hueco Tanks > Texas,https://www.mountainproject.com/route/110037821/smokin-sausage,3.0,10,-1,Boulder,V4,1,,31.9108,-106.0372
Weenie Roast,The Sausage Factory > East Spur > Hueco Tanks > Texas,https://www.mountainproject.com/route/110059292/weenie-roast,2.0,15,-1,Boulder,V4,1,,31.9108,-106.0372
Hot Link,The Sausage Factory > East Spur > Hueco Tanks > Texas,https://www.mountainproject.com/route/110037814/hot-link,2.0,4,-1,Boulder,V5,1,,31.9108,-106.0372
The Long Haul,The Sausage Factory > East Spur > Hueco Tanks > Texas,https://www.mountainproject.com/route/106686762/the-long-haul,3.0,17,-1,Boulder,V8,1,10,31.9108,-106.0372
Ministry of Truth,The Sausage Factory > East Spur > Hueco Tanks > Texas,https://www.mountainproject.com/route/107030754/ministry-of-truth,2.9,7,-1,Boulder,V9,1,15,31.9108,-106.0372
Quetzalcoatl (aka Glass Ass Crack),The Sausage Factory > East Spur > Hueco Tanks > Texas,https://www.mountainproject.com/route/111437880/quetzalcoatl-aka-glass-ass-crack,3.0,3,-1,Boulder,V9,1,15,31.9108,-106.0372
The  Bacchanalian (AKA Balls of Steele),The Office > East Spur > Hueco Tanks > Texas,https://www.mountainproject.com/route/106831545/the-bacchanalian-aka-balls-of-steele,3.0,1,-1,Boulder,V9,1,16,31.9108,-106.0372
Tails of the Fluffboys,Fluff Wall > East Spur > Hueco Tanks > Texas,https://www.mountainproject.com/route/111778252/tails-of-the-fluffboys,2.3,7,-1,Boulder,V3,1,10,31.91268,-106.03878
The Right Fluff,Fluff Wall > East Spur > Hueco Tanks > Texas,https://www.mountainproject.com/route/111778267/the-right-fluff,2.3,8,-1,Boulder,V4,1,12,31.91268,-106.03878
Fluffy's Revenge,Fluff Wall > East Spur > Hueco Tanks > Texas,https://www.mountainproject.com/route/111778291/fluffys-revenge,2.5,2,-1,Boulder,V6,1,12,31.91268,-106.03878
Fluff Cycle,Fluff Wall > East Spur > Hueco Tanks > Texas,https://www.mountainproject.com/route/111778274/fluff-cycle,2.5,4,-1,Boulder,V7,1,15,31.91268,-106.03878
Silly Goose,Frogger > East Spur > Hueco Tanks > Texas,https://www.mountainproject.com/route/118331289/silly-goose,2.7,6,-1,Boulder,V4,1,12,31.91327,-106.03874
Robocock,Frogger > East Spur > Hueco Tanks > Texas,https://www.mountainproject.com/route/118331298/robocock,2.7,3,-1,Boulder,V4,1,12,31.91327,-106.03874
Robospot,Frogger > East Spur > Hueco Tanks > Texas,https://www.mountainproject.com/route/125524467/robospot,2.0,1,-1,Boulder,V5,1,,31.91327,-106.03874
Frogger,Frogger > East Spur > Hueco Tanks > Texas,https://www.mountainproject.com/route/112849499/frogger,3.4,21,-1,Boulder,V9,1,,31.91327,-106.03874
Tremors,Tremors > East Spur > Hueco Tanks > Texas,https://www.mountainproject.com/route/200661840/tremors,3.0,1,-1,Boulder,V5,1,15,31.90774,-106.0375
Stationary Snake,Stationary Snake > East Spur > Hueco Tanks > Texas,https://www.mountainproject.com/route/200661969/stationary-snake,3.0,1,-1,Boulder,V3,1,10,31.91337,-106.03892
Playing Dead,Stationary Snake > East Spur > Hueco Tanks > Texas,https://www.mountainproject.com/route/200661982/playing-dead,3.0,1,-1,Boulder,V4,1,10,31.91337,-106.03892
Damsel In Distress,Dragon's Den > East Mountain > Hueco Tanks > Texas,https://www.mountainproject.com/route/200465806/damsel-in-distress,3.0,1,-1,Boulder,V0 R,1,30,31.9171,-106.0391
"Satan, Satan, Satan",Dragon's Den > East Mountain > Hueco Tanks > Texas,https://www.mountainproject.com/route/110828642/satan-satan-satan,3.0,60,-1,Boulder,V1,1,12,31.9171,-106.0391
Sweat Loaf,Dragon's Den > East Mountain > Hueco Tanks > Texas,https://www.mountainproject.com/route/110828655/sweat-loaf,3.1,42,-1,Boulder,V1-2,1,12,31.9171,-106.0391
Rembrandt Pussyhorse,Dragon's Den > East Mountain > Hueco Tanks > Texas,https://www.mountainproject.com/route/108027912/rembrandt-pussyhorse,2.8,73,-1,Boulder,V3,1,12,31.9171,-106.0391
The Ostracizer,Dragon's Den > East Mountain > Hueco Tanks > Texas,https://www.mountainproject.com/route/105812870/the-ostracizer,2.9,73,-1,Boulder,V3,1,,31.9171,-106.0391
Tri Hard,Dragon's Den > East Mountain > Hueco Tanks > Texas,https://www.mountainproject.com/route/107026962/tri-hard,3.0,24,-1,Boulder,V4+,1,15,31.9171,-106.0391
"Dragon Fly, AKA: Dogmatics",Dragon's Den > East Mountain > Hueco Tanks > Texas,https://www.mountainproject.com/route/105812856/dragon-fly-aka-dogmatics,3.9,194,-1,Boulder,V5,1,15,31.9171,-106.0391
Hobbit in a Blender,Dragon's Den > East Mountain > Hueco Tanks > Texas,https://www.mountainproject.com/route/105812865/hobbit-in-a-blender,3.4,137,-1,Boulder,V5,1,12,31.9171,-106.0391
Brutus,Dragon's Den > East Mountain > Hueco Tanks > Texas,https://www.mountainproject.com/route/105812884/brutus,2.6,56,-1,Boulder,V5,1,,31.9171,-106.0391
Lip Service,Dragon's Den > East Mountain > Hueco Tanks > Texas,https://www.mountainproject.com/route/117606062/lip-service,2.6,5,-1,Boulder,V5,1,,31.9171,-106.0391
Left Osterizer,Dragon's Den > East Mountain > Hueco Tanks > Texas,https://www.mountainproject.com/route/123170615/left-osterizer,3.0,3,-1,Boulder,V6,1,,31.9171,-106.0391
Ides of March,Dragon's Den > East Mountain > Hueco Tanks > Texas,https://www.mountainproject.com/route/105812876/ides-of-march,3.0,62,-1,Boulder,V6,1,,31.9171,-106.0391
Strung Out,Dragon's Den > East Mountain > Hueco Tanks > Texas,https://www.mountainproject.com/route/114110617/strung-out,2.0,2,-1,Boulder,V6,1,8,31.9171,-106.0391
Hector in a Blender,Dragon's Den > East Mountain > Hueco Tanks > Texas,https://www.mountainproject.com/route/105812880/hector-in-a-blender,3.0,75,-1,Boulder,V7-,1,15,31.9171,-106.0391
Dry Dock,Dragon's Den > East Mountain > Hueco Tanks > Texas,https://www.mountainproject.com/route/106100305/dry-dock,3.1,26,-1,Boulder,V7,1,,31.9171,-106.0391
"Black, White, and Red All Over",Dragon's Den > East Mountain > Hueco Tanks > Texas,https://www.mountainproject.com/route/108186049/black-white-and-red-all-over,2.0,1,-1,Boulder,V7,1,8,31.9171,-106.0391
Hooker with a Heart of Gold,Dragon's Den > East Mountain > Hueco Tanks > Texas,https://www.mountainproject.com/route/118155779/hooker-with-a-heart-of-gold,1.0,1,-1,Boulder,V8,1,,31.9171,-106.0391
Brittany in a Blender,Dragon's Den > East Mountain > Hueco Tanks > Texas,https://www.mountainproject.com/route/107948568/brittany-in-a-blender,3.0,7,-1,Boulder,V9- PG13,1,15,31.9171,-106.0391
Dry Dock Low,Dragon's Den > East Mountain > Hueco Tanks > Texas,https://www.mountainproject.com/route/116681841/dry-dock-low,2.0,3,-1,Boulder,V9,1,,31.9171,-106.0391
Dragonfly Low AKA: Fish on a Stick,Dragon's Den > East Mountain > Hueco Tanks > Texas,https://www.mountainproject.com/route/106357107/dragonfly-low-aka-fish-on-a-stick,2.0,16,-1,Boulder,V9,1,20,31.9171,-106.0391
The Notorious D.I.G.,Dragon's Den > East Mountain > Hueco Tanks > Texas,https://www.mountainproject.com/route/106686737/the-notorious-dig,2.7,7,-1,Boulder,V9,1,10,31.9171,-106.0391
Try Harder,Dragon's Den > East Mountain > Hueco Tanks > Texas,https://www.mountainproject.com/route/106686727/try-harder,4.0,4,-1,Boulder,V9+,1,13,31.9171,-106.0391
Crimping Christ on a Cross,Dragon's Den > East Mountain > Hueco Tanks > Texas,https://www.mountainproject.com/route/106338551/crimping-christ-on-a-cross,2.6,9,-1,Boulder,V10-,1,15,31.9171,-106.0391
Full Service,Dragon's Den > East Mountain > Hueco Tanks > Texas,https://www.mountainproject.com/route/105812860/full-service,3.9,15,-1,Boulder,V10,1,,31.9171,-106.0391
Juvenile Offender,Warm Up Roof > East Mountain > Hueco Tanks > Texas,https://www.mountainproject.com/route/111692026/juvenile-offender,1.7,17,-1,Boulder,V0,1,10,31.91964,-106.03994
Jiffy Lube,Warm Up Roof > East Mountain > Hueco Tanks > Texas,https://www.mountainproject.com/route/122478414/jiffy-lube,1.6,8,-1,Boulder,V0+,1,12,31.91964,-106.03994
Tiger Beat,Warm Up Roof > East Mountain > Hueco Tanks > Texas,https://www.mountainproject.com/route/123614176/tiger-beat,2.3,6,-1,Boulder,V1,1,11,31.91964,-106.03994
Automatic Choke,Warm Up Roof > East Mountain > Hueco Tanks > Texas,https://www.mountainproject.com/route/116641363/automatic-choke,2.3,13,-1,Boulder,V1,1,,31.91964,-106.03994
The Guillotine,Warm Up Roof > East Mountain > Hueco Tanks > Texas,https://www.mountainproject.com/route/105812899/the-guillotine,3.1,59,-1,Boulder,V2,1,,31.91964,-106.03994
Warm Up Roof,Warm Up Roof > East Mountain > Hueco Tanks > Texas,https://www.mountainproject.com/route/105812893/warm-up-roof,3.5,166,-1,Boulder,V4,1,,31.91964,-106.03994
Young Guns,Warm Up Roof > East Mountain > Hueco Tanks > Texas,https://www.mountainproject.com/route/111692019/young-guns,1.5,166,-1,Boulder,V4,1,8,31.91964,-106.03994
The Execution,Warm Up Roof > East Mountain > Hueco Tanks > Texas,https://www.mountainproject.com/route/107015486/the-execution,2.5,8,-1,Boulder,V4-5,1,15,31.91964,-106.03994
Warmup Roof Right,Warm Up Roof > East Mountain > Hueco Tanks > Texas,https://www.mountainproject.com/route/106357118/warmup-roof-right,2.7,33,-1,Boulder,V5,1,13,31.91964,-106.03994
Greasy Kid Stuff,Warm Up Roof > East Mountain > Hueco Tanks > Texas,https://www.mountainproject.com/route/106357127/greasy-kid-stuff,1.9,13,-1,Boulder,V5,1,10,31.91964,-106.03994
Thorny Toad,Warm Up Roof > East Mountain > Hueco Tanks > Texas,https://www.mountainproject.com/route/106968836/thorny-toad,2.5,13,-1,Boulder,V5,1,10,31.91964,-106.03994
Chocolate City,Warm Up Roof > East Mountain > Hueco Tanks > Texas,https://www.mountainproject.com/route/118202491/chocolate-city,2.0,3,-1,Boulder,V5,1,,31.91964,-106.03994
Warm Up Roof Direct,Warm Up Roof > East Mountain > Hueco Tanks > Texas,https://www.mountainproject.com/route/125553013/warm-up-roof-direct,3.0,3,-1,Boulder,V5-6,1,,31.91964,-106.03994
Babyfat,Warm Up Roof > East Mountain > Hueco Tanks > Texas,https://www.mountainproject.com/route/111692029/babyfat,2.0,14,-1,Boulder,V6,1,,31.91964,-106.03994
Li Stand,Warm Up Roof > East Mountain > Hueco Tanks > Texas,https://www.mountainproject.com/route/108732874/li-stand,2.2,11,-1,Boulder,V7,1,,31.91964,-106.03994
Baby Eckstein,Warm Up Roof > East Mountain > Hueco Tanks > Texas,https://www.mountainproject.com/route/123641456/baby-eckstein,2.0,2,-1,Boulder,V7,1,8,31.91964,-106.03994
[Redacted],Warm Up Roof > East Mountain > Hueco Tanks > Texas,https://www.mountainproject.com/route/107948577/redacted,2.7,3,-1,Boulder,V8+,1,15,31.91964,-106.03994
Mojo,Warm Up Roof > East Mountain > Hueco Tanks > Texas,https://www.mountainproject.com/route/106685932/mojo,3.4,8,-1,Boulder,V10 PG13,1,18,31.91964,-106.03994
Eckstein,Warm Up Roof > East Mountain > Hueco Tanks > Texas,https://www.mountainproject.com/route/123641464/eckstein,2.5,4,-1,Boulder,V10,1,15,31.91964,-106.03994
Angry Painful Song,First Love > East Mountain > Hueco Tanks > Texas,https://www.mountainproject.com/route/109695023/angry-painful-song,1.0,1,-1,Boulder,V4 R,1,,31.9171,-106.0391
Wicked Twisted Road,First Love > East Mountain > Hueco Tanks > Texas,https://www.mountainproject.com/route/109694952/wicked-twisted-road,3.0,3,-1,Boulder,V6,1,,31.9171,-106.0391
Castle In The Sky,First Love > East Mountain > Hueco Tanks > Texas,https://www.mountainproject.com/route/109697009/castle-in-the-sky,2.0,1,-1,Boulder,V6 R,1,,31.9171,-106.0391
Fearless Driving Rain,First Love > East Mountain > Hueco Tanks > Texas,https://www.mountainproject.com/route/106087303/fearless-driving-rain,4.0,1,-1,Boulder,V6 R,1,25,31.9171,-106.0391
Human Shot Putt,Tabloid Pass > East Mountain > Hueco Tanks > Texas,https://www.mountainproject.com/route/111402577/human-shot-putt,2.0,21,-1,Boulder,V1,1,8,31.914,-106.0376
Dwarf Toss Tragedy,Tabloid Pass > East Mountain > Hueco Tanks > Texas,https://www.mountainproject.com/route/118226836/dwarf-toss-tragedy,2.5,6,-1,Boulder,V2 R,1,9,31.914,-106.0376
Miracle Baby,Tabloid Pass > East Mountain > Hueco Tanks > Texas,https://www.mountainproject.com/route/113550388/miracle-baby,2.3,18,-1,Boulder,V3,1,10,31.914,-106.0376
Amazing Little Halfboy,Tabloid Pass > East Mountain > Hueco Tanks > Texas,https://www.mountainproject.com/route/111402463/amazing-little-halfboy,2.2,47,-1,Boulder,V4,1,9,31.914,-106.0376
Sex After Death,Tabloid Pass > East Mountain > Hueco Tanks > Texas,https://www.mountainproject.com/route/106385708/sex-after-death,3.5,53,-1,Boulder,V8,1,15,31.914,-106.0376
Mooned,Moonshine Roof > East Mountain > Hueco Tanks > Texas,https://www.mountainproject.com/route/108420832/mooned,2.0,1,-1,Boulder,V3-4,1,12,31.9171,-106.0391
Beautiful Weirdo,Moonshine Roof > East Mountain > Hueco Tanks > Texas,https://www.mountainproject.com/route/200788418/beautiful-weirdo,3.0,2,-1,Boulder,V4,1,,31.9171,-106.0391
Moonshine Roof (center),Moonshine Roof > East Mountain > Hueco Tanks > Texas,https://www.mountainproject.com/route/106385730/moonshine-roof-center,4.0,208,-1,Boulder,V4,1,25,31.9171,-106.0391
Sound of Power,Moonshine Roof > East Mountain > Hueco Tanks > Texas,https://www.mountainproject.com/route/106407078/sound-of-power,2.4,8,-1,Boulder,V4,1,10,31.9171,-106.0391
Moonshine Right,Moonshine Roof > East Mountain > Hueco Tanks > Texas,https://www.mountainproject.com/route/107405650/moonshine-right,3.2,45,-1,Boulder,V5,1,12,31.9171,-106.0391
Moonshine Left,Moonshine Roof > East Mountain > Hueco Tanks > Texas,https://www.mountainproject.com/route/107427163/moonshine-left,3.8,20,-1,Boulder,V6,1,20,31.9171,-106.0391
Power of Landjager,Moonshine Roof > East Mountain > Hueco Tanks > Texas,https://www.mountainproject.com/route/118239952/power-of-landjager,3.0,3,-1,Boulder,V11,1,20,31.9171,-106.0391
Meddle Detector,Home of the Stars > East Mountain > Hueco Tanks > Texas,https://www.mountainproject.com/route/106536191/meddle-detector,4.0,21,-1,Boulder,V6,1,30,31.9171,-106.0391
Conservative Backlash,North Dragon's Den > East Mountain > Hueco Tanks > Texas,https://www.mountainproject.com/route/116835507/conservative-backlash,3.5,6,-1,Boulder,V0,1,,31.9171,-106.0391
Instant Classic,North Dragon's Den > East Mountain > Hueco Tanks > Texas,https://www.mountainproject.com/route/107028669/instant-classic,2.6,14,-1,Boulder,V3,1,15,31.9171,-106.0391
Ginsu Wall,North Dragon's Den > East Mountain > Hueco Tanks > Texas,https://www.mountainproject.com/route/106616007/ginsu-wall,2.9,7,-1,Boulder,V4+,1,12,31.9171,-106.0391
Blowdryer,North Dragon's Den > East Mountain > Hueco Tanks > Texas,https://www.mountainproject.com/route/116593784/blowdryer,3.0,11,-1,Boulder,V5,1,,31.9171,-106.0391
The Banzai Knife,North Dragon's Den > East Mountain > Hueco Tanks > Texas,https://www.mountainproject.com/route/106615146/the-banzai-knife,3.0,3,-1,Boulder,V6,1,25,31.9171,-106.0391
Snakecharmer,North Dragon's Den > East Mountain > Hueco Tanks > Texas,https://www.mountainproject.com/route/107015478/snakecharmer,3.8,13,-1,Boulder,V7,1,20,31.9171,-106.0391
Hobbit with a Boner,North Dragon's Den > East Mountain > Hueco Tanks > Texas,https://www.mountainproject.com/route/117648795/hobbit-with-a-boner,3.3,4,-1,Boulder,V8 PG13,1,,31.9171,-106.0391
Man Gum,North Dragon's Den > East Mountain > Hueco Tanks > Texas,https://www.mountainproject.com/route/106616016/man-gum,2.9,7,-1,Boulder,V9,1,15,31.9171,-106.0391
Low Dryer,North Dragon's Den > East Mountain > Hueco Tanks > Texas,https://www.mountainproject.com/route/116795660/low-dryer,3.0,3,-1,Boulder,V10,1,,31.9171,-106.0391
Moonwalk,The Dark Heart > East Mountain > Hueco Tanks > Texas,https://www.mountainproject.com/route/123720490/moonwalk,2.0,3,-1,Boulder,V0,1,21,31.91856,-106.03947
Dark Angel,The Dark Heart > East Mountain > Hueco Tanks > Texas,https://www.mountainproject.com/route/107015458/dark-angel,3.6,19,-1,Boulder,V0,1,20,31.91856,-106.03947
Backdoor Man,The Dark Heart > East Mountain > Hueco Tanks > Texas,https://www.mountainproject.com/route/106753298/backdoor-man,3.4,60,-1,Boulder,V2 PG13,1,25,31.91856,-106.03947
Darth Vader,The Dark Heart > East Mountain > Hueco Tanks > Texas,https://www.mountainproject.com/route/120086106/darth-vader,2.1,7,-1,Boulder,V2,1,10,31.91856,-106.03947
Swirl Wall,The Dark Heart > East Mountain > Hueco Tanks > Texas,https://www.mountainproject.com/route/108094100/swirl-wall,3.4,33,-1,Boulder,V3,1,15,31.91856,-106.03947
Heartbreaker Traverse,The Dark Heart > East Mountain > Hueco Tanks > Texas,https://www.mountainproject.com/route/107015471/heartbreaker-traverse,1.0,1,-1,Boulder,V3,1,25,31.91856,-106.03947
Politics or Pontiacs,The Dark Heart > East Mountain > Hueco Tanks > Texas,https://www.mountainproject.com/route/120086236/politics-or-pontiacs,2.0,1,-1,Boulder,V4,1,12,31.91856,-106.03947
William's Lectric Shave,The Dark Heart > East Mountain > Hueco Tanks > Texas,https://www.mountainproject.com/route/108027845/williams-lectric-shave,2.1,12,-1,Boulder,V4,1,10,31.91856,-106.03947
Jiffy Pop,The Dark Heart > East Mountain > Hueco Tanks > Texas,https://www.mountainproject.com/route/108420945/jiffy-pop,2.8,9,-1,Boulder,V5-,1,18,31.91856,-106.03947
Ventral Fin,The Dark Heart > East Mountain > Hueco Tanks > Texas,https://www.mountainproject.com/route/107497584/ventral-fin,3.5,32,-1,Boulder,V5,1,15,31.91856,-106.03947
Ultramini,The Dark Heart > East Mountain > Hueco Tanks > Texas,https://www.mountainproject.com/route/122995157/ultramini,2.5,4,-1,Boulder,V6-,1,12,31.91856,-106.03947
Jamocha Joe aka Purple Bunny Fuckers,The Dark Heart > East Mountain > Hueco Tanks > Texas,https://www.mountainproject.com/route/106753189/jamocha-joe-aka-purple-bunny-fuckers,3.4,9,-1,Boulder,V6,1,15,31.91856,-106.03947
Tall Cool Red One,The Dark Heart > East Mountain > Hueco Tanks > Texas,https://www.mountainproject.com/route/107015438/tall-cool-red-one,3.8,15,-1,Boulder,V6,1,21,31.91856,-106.03947
Ultramega,The Dark Heart > East Mountain > Hueco Tanks > Texas,https://www.mountainproject.com/route/106685906/ultramega,3.4,32,-1,Boulder,V8,1,18,31.91856,-106.03947
Something Different,The Dark Heart > East Mountain > Hueco Tanks > Texas,https://www.mountainproject.com/route/106685925/something-different,3.4,29,-1,Boulder,V8,1,12,31.91856,-106.03947
Taxing the Pipe,The Dark Heart > East Mountain > Hueco Tanks > Texas,https://www.mountainproject.com/route/107948358/taxing-the-pipe,3.5,13,-1,Boulder,V9- PG13,1,20,31.91856,-106.03947
Julio and Me,The Dark Heart > East Mountain > Hueco Tanks > Texas,https://www.mountainproject.com/route/106685917/julio-and-me,2.8,5,-1,Boulder,V9 PG13,1,9,31.91856,-106.03947
Rose Fruited Juniper,The Dark Heart > East Mountain > Hueco Tanks > Texas,https://www.mountainproject.com/route/106753222/rose-fruited-juniper,3.0,1,-1,Boulder,V9,1,15,31.91856,-106.03947
Kim with a Bathtub in Her Head,The Dark Heart > East Mountain > Hueco Tanks > Texas,https://www.mountainproject.com/route/121460370/kim-with-a-bathtub-in-her-head,3.0,1,-1,Boulder,V9,1,,31.91856,-106.03947
Anything but Dull,The Aircraft Carrier > East Mountain > Hueco Tanks > Texas,https://www.mountainproject.com/route/107030056/anything-but-dull,2.7,3,-1,Boulder,V1,1,20,31.9171,-106.0391
The Locksmith,The Aircraft Carrier > East Mountain > Hueco Tanks > Texas,https://www.mountainproject.com/route/106969062/the-locksmith,2.5,29,-1,Boulder,V3,1,,31.9171,-106.0391
The Fin,The Aircraft Carrier > East Mountain > Hueco Tanks > Texas,https://www.mountainproject.com/route/106969078/the-fin,3.7,70,-1,Boulder,V4,1,,31.9171,-106.0391
Winged Victory,The Aircraft Carrier > East Mountain > Hueco Tanks > Texas,https://www.mountainproject.com/route/106974590/winged-victory,3.2,17,-1,Boulder,V5,1,15,31.9171,-106.0391
Unlock This AKA:The Locksmith sit-start,The Aircraft Carrier > East Mountain > Hueco Tanks > Texas,https://www.mountainproject.com/route/106969069/unlock-this-akathe-locksmith-sit-start,3.0,13,-1,Boulder,V6,1,,31.9171,-106.0391
Snakebelly,The Aircraft Carrier > East Mountain > Hueco Tanks > Texas,https://www.mountainproject.com/route/118221489/snakebelly,3.0,1,-1,Boulder,V7,1,,31.9171,-106.0391
Double Pecan,The Aircraft Carrier > East Mountain > Hueco Tanks > Texas,https://www.mountainproject.com/route/110227663/double-pecan,2.9,7,-1,Boulder,V8-9,1,,31.9171,-106.0391
Pink Bench,S-Curve > East Mountain > Hueco Tanks > Texas,https://www.mountainproject.com/route/121883364/pink-bench,3.0,1,-1,Boulder,V1+,1,30,31.9171,-106.0391
5 PM Sunset,S-Curve > East Mountain > Hueco Tanks > Texas,https://www.mountainproject.com/route/121883339/5-pm-sunset,3.0,1,-1,Boulder,V1-2,1,20,31.9171,-106.0391
Mr. Freud,S-Curve > East Mountain > Hueco Tanks > Texas,https://www.mountainproject.com/route/111702078/mr-freud,2.9,14,-1,Boulder,V4,1,15,31.9171,-106.0391
S-Curve,S-Curve > East Mountain > Hueco Tanks > Texas,https://www.mountainproject.com/route/106981331/s-curve,3.0,8,-1,Boulder,V6,1,15,31.9171,-106.0391
Lungfish (aka The Sutra),S-Curve > East Mountain > Hueco Tanks > Texas,https://www.mountainproject.com/route/106981337/lungfish-aka-the-sutra,2.7,13,-1,Boulder,V7,1,12,31.9171,-106.0391
The Slopey Rail,S-Curve > East Mountain > Hueco Tanks > Texas,https://www.mountainproject.com/route/125291916/the-slopey-rail,3.0,1,-1,Boulder,V8,1,,31.9171,-106.0391
Wutang,S-Curve > East Mountain > Hueco Tanks > Texas,https://www.mountainproject.com/route/118239976/wutang,3.0,2,-1,Boulder,V10,1,15,31.9171,-106.0391
Two Moves for Sister Sarah,The Donkey Show Wall > East Mountain > Hueco Tanks > Texas,https://www.mountainproject.com/route/106993003/two-moves-for-sister-sarah,2.0,44,-1,Boulder,V3,1,12,31.9171,-106.0391
El Burro,The Donkey Show Wall > East Mountain > Hueco Tanks > Texas,https://www.mountainproject.com/route/106993009/el-burro,3.0,66,-1,Boulder,V3-4,1,12,31.9171,-106.0391
Left Donkey Show,The Donkey Show Wall > East Mountain > Hueco Tanks > Texas,https://www.mountainproject.com/route/106993015/left-donkey-show,3.4,28,-1,Boulder,V5,1,14,31.9171,-106.0391
Nuns and Donkeys,The Donkey Show Wall > East Mountain > Hueco Tanks > Texas,https://www.mountainproject.com/route/106993019/nuns-and-donkeys,2.6,17,-1,Boulder,V6,1,15,31.9171,-106.0391
It's not the heat,The Beehives > East Mountain > Hueco Tanks > Texas,https://www.mountainproject.com/route/111452208/its-not-the-heat,1.4,13,-1,Boulder,V0,1,,31.9171,-106.0391
Massive Cool,The Beehives > East Mountain > Hueco Tanks > Texas,https://www.mountainproject.com/route/111452223/massive-cool,2.1,10,-1,Boulder,V0+,1,,31.9171,-106.0391
The Humidifier,The Beehives > East Mountain > Hueco Tanks > Texas,https://www.mountainproject.com/route/111452215/the-humidifier,1.9,11,-1,Boulder,V1,1,,31.9171,-106.0391
Strange brew,The Beehives > East Mountain > Hueco Tanks > Texas,https://www.mountainproject.com/route/111452194/strange-brew,1.7,10,-1,Boulder,V1-2,1,,31.9171,-106.0391
Eh,The Beehives > East Mountain > Hueco Tanks > Texas,https://www.mountainproject.com/route/111452199/eh,1.0,7,-1,Boulder,V2,1,,31.9171,-106.0391
The Hourglass,The Beehives > East Mountain > Hueco Tanks > Texas,https://www.mountainproject.com/route/107026937/the-hourglass,3.1,25,-1,Boulder,V3 PG13,1,15,31.9171,-106.0391
Sneaker Blast,The Beehives > East Mountain > Hueco Tanks > Texas,https://www.mountainproject.com/route/122183839/sneaker-blast,2.3,3,-1,Boulder,V3+,1,10,31.9171,-106.0391
French Kiss From Grandma,The Beehives > East Mountain > Hueco Tanks > Texas,https://www.mountainproject.com/route/118261950/french-kiss-from-grandma,2.0,3,-1,Boulder,V4,1,,31.9171,-106.0391
Macaroni Grill,The Beehives > East Mountain > Hueco Tanks > Texas,https://www.mountainproject.com/route/113881218/macaroni-grill,1.0,2,-1,Boulder,V4,1,,31.9171,-106.0391
Uncut Yogi,The Beehives > East Mountain > Hueco Tanks > Texas,https://www.mountainproject.com/route/107028692/uncut-yogi,3.4,50,-1,Boulder,V6,1,15,31.9171,-106.0391
The Maiden,Maiden Gully > East Mountain > Hueco Tanks > Texas,https://www.mountainproject.com/route/107030088/the-maiden,3.9,45,-1,Boulder,V0,1,35,31.9171,-106.0391
Otimojoginkbrute,Maiden Gully > East Mountain > Hueco Tanks > Texas,https://www.mountainproject.com/route/116731514/otimojoginkbrute,2.0,1,-1,Boulder,V0,1,10,31.9171,-106.0391
Dreamy,Maiden Gully > East Mountain > Hueco Tanks > Texas,https://www.mountainproject.com/route/110059320/dreamy,2.1,14,-1,Boulder,V2,1,,31.9171,-106.0391
Lucky the Wonder-Poodle,Maiden Gully > East Mountain > Hueco Tanks > Texas,https://www.mountainproject.com/route/112429182/lucky-the-wonder-poodle,1.3,4,-1,Boulder,V2,1,,31.9171,-106.0391
Creamy,Maiden Gully > East Mountain > Hueco Tanks > Texas,https://www.mountainproject.com/route/110059314/creamy,2.7,11,-1,Boulder,V4,1,,31.9171,-106.0391
Beer & Pizza,Maiden Gully > East Mountain > Hueco Tanks > Texas,https://www.mountainproject.com/route/107030116/beer-pizza,3.2,9,-1,Boulder,V6,1,25,31.9171,-106.0391
Sledgehammer,Maiden Gully > East Mountain > Hueco Tanks > Texas,https://www.mountainproject.com/route/111571991/sledgehammer,3.6,9,-1,Boulder,V8,1,,31.9171,-106.0391
Lifestyles of the Steep and Heinous,Maiden Gully > East Mountain > Hueco Tanks > Texas,https://www.mountainproject.com/route/119524967/lifestyles-of-the-steep-and-heinous,3.0,1,-1,Boulder,V8,1,,31.9171,-106.0391
Joey Made Me Do It,Water Dog Wall > East Mountain > Hueco Tanks > Texas,https://www.mountainproject.com/route/127366540/joey-made-me-do-it,3.0,1,-1,Boulder,V2,1,,31.9175,-106.0395
more funky than hunky,Water Dog Wall > East Mountain > Hueco Tanks > Texas,https://www.mountainproject.com/route/107459544/more-funky-than-hunky,-1.0,0,-1,Boulder,V2,1,10,31.9175,-106.0395
Pop Off!,Water Dog Wall > East Mountain > Hueco Tanks > Texas,https://www.mountainproject.com/route/127366556/pop-off,3.0,1,-1,Boulder,V3,1,,31.9175,-106.0395
Squeeze Me Tender,Water Dog Wall > East Mountain > Hueco Tanks > Texas,https://www.mountainproject.com/route/108420864/squeeze-me-tender,2.5,13,-1,Boulder,V3,1,10,31.9175,-106.0395
Preston Brown,Water Dog Wall > East Mountain > Hueco Tanks > Texas,https://www.mountainproject.com/route/117698383/preston-brown,2.9,22,-1,Boulder,V5,1,10,31.9175,-106.0395
J-Lo,Water Dog Wall > East Mountain > Hueco Tanks > Texas,https://www.mountainproject.com/route/116655506/j-lo,2.4,8,-1,Boulder,V8,1,,31.9175,-106.0395
Chutes and Ladders,Water Dog Wall > East Mountain > Hueco Tanks > Texas,https://www.mountainproject.com/route/108420880/chutes-and-ladders,4.0,1,-1,Boulder,V9-10,1,25,31.9175,-106.0395
Belly of Burden,Belly of the Beast > East Mountain > Hueco Tanks > Texas,https://www.mountainproject.com/route/107427215/belly-of-burden,1.3,9,-1,Boulder,V5,1,12,31.9171,-106.0391
Belly of the Beast,Belly of the Beast > East Mountain > Hueco Tanks > Texas,https://www.mountainproject.com/route/107427197/belly-of-the-beast,2.7,18,-1,Boulder,V7-,1,14,31.9171,-106.0391
El Fin,Silverback > East Mountain > Hueco Tanks > Texas,https://www.mountainproject.com/route/109694526/el-fin,3.0,3,-1,Boulder,V5,1,12,31.9171,-106.0391
Silverback,Silverback > East Mountain > Hueco Tanks > Texas,https://www.mountainproject.com/route/109694422/silverback,3.7,3,-1,Boulder,V7-8,1,,31.9171,-106.0391
Short Term Memory Loss,Meddle Shop > East Mountain > Hueco Tanks > Texas,https://www.mountainproject.com/route/112267902/short-term-memory-loss,2.5,2,-1,Boulder,V3,1,12,31.95081,-106.05321
Funk's Arete,Meddle Shop > East Mountain > Hueco Tanks > Texas,https://www.mountainproject.com/route/118582507/funks-arete,4.0,2,-1,Boulder,V8,1,,31.95081,-106.05321
3 Star Arete,The Five Bimbos > East Mountain > Hueco Tanks > Texas,https://www.mountainproject.com/route/115158373/3-star-arete,3.5,29,-1,Boulder,V2,1,20,31.9171,-106.0391
I Own It,The Five Bimbos > East Mountain > Hueco Tanks > Texas,https://www.mountainproject.com/route/113550264/i-own-it,2.0,5,-1,Boulder,V3,1,15,31.9171,-106.0391
3 Star Arete Sit,The Five Bimbos > East Mountain > Hueco Tanks > Texas,https://www.mountainproject.com/route/113550231/3-star-arete-sit,3.3,36,-1,Boulder,V4,1,20,31.9171,-106.0391
I Own It Sit,The Five Bimbos > East Mountain > Hueco Tanks > Texas,https://www.mountainproject.com/route/113550274/i-own-it-sit,2.0,3,-1,Boulder,V5,1,15,31.9171,-106.0391
Tug-A-Dug,The Five Bimbos > East Mountain > Hueco Tanks > Texas,https://www.mountainproject.com/route/123900797/tug-a-dug,1.7,3,-1,Boulder,V5,1,10,31.9171,-106.0391
Babia Majora,The Five Bimbos > East Mountain > Hueco Tanks > Texas,https://www.mountainproject.com/route/118161407/babia-majora,3.4,8,-1,Boulder,V6,1,,31.9171,-106.0391
Cannibal Women in the Avocado Jungle of Death,The Five Bimbos > East Mountain > Hueco Tanks > Texas,https://www.mountainproject.com/route/125666784/cannibal-women-in-the-avocado-jungle-of-death,3.0,1,-1,Boulder,V6,1,15,31.9171,-106.0391
Assless Chapstick,The Five Bimbos > East Mountain > Hueco Tanks > Texas,https://www.mountainproject.com/route/121895219/assless-chapstick,3.3,13,-1,Boulder,V7,1,,31.9171,-106.0391
Peckercracker,Raging Pecker Area > East Mountain > Hueco Tanks > Texas,https://www.mountainproject.com/route/114287248/peckercracker,1.5,2,-1,Boulder,V1,1,12,31.9171,-106.0391
The Trickster,The Trickster > East Mountain > Hueco Tanks > Texas,https://www.mountainproject.com/route/116836044/the-trickster,3.3,7,-1,Boulder,V2+,1,,31.9171,-106.0391
The Real Bruce Lee,Chop Socky Rocks > East Mountain > Hueco Tanks > Texas,https://www.mountainproject.com/route/116836947/the-real-bruce-lee,4.0,3,-1,Boulder,V0 PG13,1,,31.9171,-106.0391
Porn Again,Chop Socky Rocks > East Mountain > Hueco Tanks > Texas,https://www.mountainproject.com/route/116838185/porn-again,2.3,6,-1,Boulder,V7,1,,31.9171,-106.0391
Lithic Technology,The Veranda > East Mountain > Hueco Tanks > Texas,https://www.mountainproject.com/route/117264847/lithic-technology,2.8,8,-1,Boulder,V4,1,,31.9171,-106.0391
The Bulb of Percussion,The Veranda > East Mountain > Hueco Tanks > Texas,https://www.mountainproject.com/route/117264868/the-bulb-of-percussion,2.8,6,-1,Boulder,V5,1,,31.9171,-106.0391
Mantle Illness,Mantel Illness > East Mountain > Hueco Tanks > Texas,https://www.mountainproject.com/route/200356199/mantle-illness,2.5,2,-1,Boulder,V3,1,,31.9171,-106.0391
Mystery Knobbler,Mantel Illness > East Mountain > Hueco Tanks > Texas,https://www.mountainproject.com/route/118582527/mystery-knobbler,3.0,2,-1,Boulder,V8,1,,31.9171,-106.0391
Two Days With Gene,Mantel Illness > East Mountain > Hueco Tanks > Texas,https://www.mountainproject.com/route/118582519/two-days-with-gene,-1.0,0,-1,Boulder,V11,1,,31.9171,-106.0391
Uncle Drunkie,Drunk Tank > East Mountain > Hueco Tanks > Texas,https://www.mountainproject.com/route/119597480/uncle-drunkie,3.5,4,-1,Boulder,V3,1,,31.9171,-106.03911
Love Muscle,Drunk Tank > East Mountain > Hueco Tanks > Texas,https://www.mountainproject.com/route/119597491/love-muscle,3.0,2,-1,Boulder,V6-7,1,,31.9171,-106.03911
One Stone,Two Birds > East Mountain > Hueco Tanks > Texas,https://www.mountainproject.com/route/127347229/one-stone,2.0,3,-1,Boulder,V0,1,10,31.91532,-106.04071
Right Two Birds,Two Birds > East Mountain > Hueco Tanks > Texas,https://www.mountainproject.com/route/127347238/right-two-birds,2.3,3,-1,Boulder,V3,1,10,31.91532,-106.04071
Two Birds,Two Birds > East Mountain > Hueco Tanks > Texas,https://www.mountainproject.com/route/127347210/two-birds,2.8,6,-1,Boulder,V7,1,10,31.91532,-106.04071
Best of the Best,Adventureland > West Mountain > Hueco Tanks > Texas,https://www.mountainproject.com/route/110130199/best-of-the-best,4.0,4,-1,Boulder,V9,1,,31.9129,-106.0456
Kristi Yamaguchi Lifetime Achievement Award,Adventureland > West Mountain > Hueco Tanks > Texas,https://www.mountainproject.com/route/106087347/kristi-yamaguchi-lifetime-achievement-award,2.0,1,-1,Boulder,V10 PG13,1,25,31.9129,-106.0456
The Hand That Bleeds,Adventureland > West Mountain > Hueco Tanks > Texas,https://www.mountainproject.com/route/111560222/the-hand-that-bleeds,2.0,1,-1,Boulder,V10+,1,12,31.9129,-106.0456
Seis O My God,The Scepter > West Mountain > Hueco Tanks > Texas,https://www.mountainproject.com/route/121576723/seis-o-my-god,3.0,1,-1,Boulder,V0- X,1,30,31.9129,-106.0456
Toe Hoch,The Scepter > West Mountain > Hueco Tanks > Texas,https://www.mountainproject.com/route/125367465/toe-hoch,3.0,3,-1,Boulder,V7-,1,,31.9129,-106.0456
Best of the West,The Scepter > West Mountain > Hueco Tanks > Texas,https://www.mountainproject.com/route/107554072/best-of-the-west,3.4,5,-1,Boulder,V7,1,15,31.9129,-106.0456
Chewbacca,The Scepter > West Mountain > Hueco Tanks > Texas,https://www.mountainproject.com/route/106316443/chewbacca,4.0,1,-1,Boulder,V9-10,1,55,31.9129,-106.0456
Echo Chamber,The Eagle > West Mountain > Hueco Tanks > Texas,https://www.mountainproject.com/route/117526576/echo-chamber,4.0,5,-1,Boulder,V8,1,,31.9129,-106.0456
Slovenian Classic,Shroom and the Camel Toe > West Mountain > Hueco Tanks > Texas,https://www.mountainproject.com/route/116249266/slovenian-classic,3.0,1,-1,Boulder,V2 R,1,,31.9129,-106.0456
Camel Toe,Shroom and the Camel Toe > West Mountain > Hueco Tanks > Texas,https://www.mountainproject.com/route/110130058/camel-toe,2.7,10,-1,Boulder,V4,1,,31.9129,-106.0456
Odd Fungi,Shroom and the Camel Toe > West Mountain > Hueco Tanks > Texas,https://www.mountainproject.com/route/107427058/odd-fungi,2.2,10,-1,Boulder,V4,1,15,31.9129,-106.0456
Shroom,Shroom and the Camel Toe > West Mountain > Hueco Tanks > Texas,https://www.mountainproject.com/route/106370271/shroom,3.8,14,-1,Boulder,V9,1,15,31.9129,-106.0456
Minimal Acts,Scream > West Mountain > Hueco Tanks > Texas,https://www.mountainproject.com/route/123793877/minimal-acts,3.3,7,-1,Boulder,V3,1,12,31.9129,-106.0456
Animal Acts,Scream > West Mountain > Hueco Tanks > Texas,https://www.mountainproject.com/route/106430462/animal-acts,3.1,58,-1,Boulder,V5,1,15,31.9129,-106.0456
Honeycomb Hideout,Scream > West Mountain > Hueco Tanks > Texas,https://www.mountainproject.com/route/106442708/honeycomb-hideout,2.4,8,-1,Boulder,V5,1,20,31.9129,-106.0456
Animal Acts OG Exit,Scream > West Mountain > Hueco Tanks > Texas,https://www.mountainproject.com/route/113881205/animal-acts-og-exit,3.3,7,-1,Boulder,V6,1,16,31.9129,-106.0456
High Scream,Scream > West Mountain > Hueco Tanks > Texas,https://www.mountainproject.com/route/125486211/high-scream,4.0,1,-1,Boulder,V10,1,,31.9129,-106.0456
Scream,Scream > West Mountain > Hueco Tanks > Texas,https://www.mountainproject.com/route/116075889/scream,4.0,2,-1,Boulder,V11,1,,31.9129,-106.0456
The Bathtub Stand (The Shower),The Wellsite > West Mountain > Hueco Tanks > Texas,https://www.mountainproject.com/route/118138308/the-bathtub-stand-the-shower,2.0,2,-1,Boulder,V2,1,,31.9129,-106.0456
Splash it on and be Selfless,The Wellsite > West Mountain > Hueco Tanks > Texas,https://www.mountainproject.com/route/112472654/splash-it-on-and-be-selfless,3.0,4,-1,Boulder,V3 X,1,30,31.9129,-106.0456
Snakeskin Tracksuit,The Wellsite > West Mountain > Hueco Tanks > Texas,https://www.mountainproject.com/route/114159710/snakeskin-tracksuit,2.6,5,-1,Boulder,V3,1,18,31.9129,-106.0456
Off the Bat,The Wellsite > West Mountain > Hueco Tanks > Texas,https://www.mountainproject.com/route/110096637/off-the-bat,2.4,13,-1,Boulder,V4,1,13,31.9129,-106.0456
The Bidet,The Wellsite > West Mountain > Hueco Tanks > Texas,https://www.mountainproject.com/route/111438016/the-bidet,2.0,1,-1,Boulder,V5,1,20,31.9129,-106.0456
Clawfoot,The Wellsite > West Mountain > Hueco Tanks > Texas,https://www.mountainproject.com/route/111438002/clawfoot,3.0,2,-1,Boulder,V8 PG13,1,20,31.9129,-106.0456
Rock'em Sock'em,The Wellsite > West Mountain > Hueco Tanks > Texas,https://www.mountainproject.com/route/107418344/rockem-sockem,3.0,1,-1,Boulder,V8 X,1,36,31.9129,-106.0456
The Bathtub,The Wellsite > West Mountain > Hueco Tanks > Texas,https://www.mountainproject.com/route/106694894/the-bathtub,4.0,8,-1,Boulder,V9,1,35,31.9129,-106.0456
Eckagrata,The Wellsite > West Mountain > Hueco Tanks > Texas,https://www.mountainproject.com/route/106689405/eckagrata,3.7,3,-1,Boulder,V10 PG13,1,18,31.9129,-106.0456
Star Power,Star Power > West Mountain > Hueco Tanks > Texas,https://www.mountainproject.com/route/107082627/star-power,3.7,53,-1,Boulder,5.12b V5,1,,31.9129,-106.0456
Sir Farts Alot,Star Power > West Mountain > Hueco Tanks > Texas,https://www.mountainproject.com/route/107119744/sir-farts-alot,2.3,6,-1,Boulder,V5,1,12,31.9129,-106.0456
Locals Only,Star Power > West Mountain > Hueco Tanks > Texas,https://www.mountainproject.com/route/107083715/locals-only,1.8,4,-1,Boulder,V7-,1,,31.9129,-106.0456
Crash Dummy,Crash Dummy > West Mountain > Hueco Tanks > Texas,https://www.mountainproject.com/route/107427137/crash-dummy,3.6,17,-1,Boulder,V7,1,,31.9129,-106.0456
Max Bedroom,Between the Sheets > West Mountain > Hueco Tanks > Texas,https://www.mountainproject.com/route/123520355/max-bedroom,0.5,2,-1,Boulder,V0+,1,10,31.91417,-106.04352
Three Sheets to the Wind,Between the Sheets > West Mountain > Hueco Tanks > Texas,https://www.mountainproject.com/route/114287098/three-sheets-to-the-wind,2.3,9,-1,Boulder,V2,1,13,31.91417,-106.04352
Death by Mambo,Between the Sheets > West Mountain > Hueco Tanks > Texas,https://www.mountainproject.com/route/108037587/death-by-mambo,3.2,18,-1,Boulder,V3,1,25,31.91417,-106.04352
Umbra of Discontent,Between the Sheets > West Mountain > Hueco Tanks > Texas,https://www.mountainproject.com/route/123520363/umbra-of-discontent,1.0,2,-1,Boulder,V4,1,20,31.91417,-106.04352
Between the Sheets,Between the Sheets > West Mountain > Hueco Tanks > Texas,https://www.mountainproject.com/route/116236536/between-the-sheets,2.9,17,-1,Boulder,V5,1,,31.91417,-106.04352
Between the Cheeks,Between the Sheets > West Mountain > Hueco Tanks > Texas,https://www.mountainproject.com/route/116236557/between-the-cheeks,3.1,7,-1,Boulder,V7,1,,31.91417,-106.04352
Natural Disaster,Between the Sheets > West Mountain > Hueco Tanks > Texas,https://www.mountainproject.com/route/118203323/natural-disaster,4.0,3,-1,Boulder,V10,1,,31.91417,-106.04352
Fire Proof,Lower Forest > West Mountain > Hueco Tanks > Texas,https://www.mountainproject.com/route/111437967/fire-proof,3.0,1,-1,Boulder,V3 R,1,23,31.91562,-106.04694
Pyro Iyskys,Lower Forest > West Mountain > Hueco Tanks > Texas,https://www.mountainproject.com/route/108356851/pyro-iyskys,2.9,10,-1,Boulder,V5,1,12,31.91562,-106.04694
Fire It Up,Lower Forest > West Mountain > Hueco Tanks > Texas,https://www.mountainproject.com/route/111437946/fire-it-up,2.7,6,-1,Boulder,V5 PG13,1,20,31.91562,-106.04694
Soda Pop / Soda Sunday,Lower Forest > West Mountain > Hueco Tanks > Texas,https://www.mountainproject.com/route/200661931/soda-pop-soda-sunday,3.0,1,-1,Boulder,V6,1,20,31.91562,-106.04694
Weiner in a Biner,Lower Forest > West Mountain > Hueco Tanks > Texas,https://www.mountainproject.com/route/200661911/weiner-in-a-biner,3.0,1,-1,Boulder,V8,1,10,31.91562,-106.04694
Problematics,Lower Forest > West Mountain > Hueco Tanks > Texas,https://www.mountainproject.com/route/108356892/problematics,3.1,8,-1,Boulder,V8-9 PG13,1,30,31.91562,-106.04694
Thundercling,The Shield > West Mountain > Hueco Tanks > Texas,https://www.mountainproject.com/route/111437979/thundercling,2.0,1,-1,Boulder,V7 PG13,1,20,31.91293,-106.04513
Some Like It Hot,The Shield > West Mountain > Hueco Tanks > Texas,https://www.mountainproject.com/route/109697392/some-like-it-hot,4.0,1,-1,Boulder,V9-10 R,1,55,31.91293,-106.04513
A.K.A.,The Shield > West Mountain > Hueco Tanks > Texas,https://www.mountainproject.com/route/108356914/aka,4.0,2,-1,Boulder,5.13+ V10 PG13,1,55,31.91293,-106.04513
Long Dong Roof,Long Dong Roof > West Mountain > Hueco Tanks > Texas,https://www.mountainproject.com/route/108660701/long-dong-roof,3.7,6,-1,Boulder,V6,1,35,31.9129,-106.0456
Bandit Crack,Bobby's Bakery > West Mountain > Hueco Tanks > Texas,https://www.mountainproject.com/route/123511972/bandit-crack,2.0,1,-1,Boulder,V0,1,,31.9129,-106.0456
Smokin' with the Bandit,Bobby's Bakery > West Mountain > Hueco Tanks > Texas,https://www.mountainproject.com/route/123511952/smokin-with-the-bandit,1.0,1,-1,Boulder,V4,1,20,31.9129,-106.0456
Bobby Donuts,Bobby's Bakery > West Mountain > Hueco Tanks > Texas,https://www.mountainproject.com/route/109668279/bobby-donuts,3.5,4,-1,Boulder,V6,1,15,31.9129,-106.0456
Bobby Boston Cream,Bobby's Bakery > West Mountain > Hueco Tanks > Texas,https://www.mountainproject.com/route/109668381/bobby-boston-cream,2.5,2,-1,Boulder,V7-8,1,15,31.9129,-106.0456
Planet Zeist,Planet Zeist > West Mountain > Hueco Tanks > Texas,https://www.mountainproject.com/route/109944524/planet-zeist,3.0,5,-1,Boulder,V6-7,1,20,31.9129,-106.0456
Hoppity Spills His Guts,Wall of the rumbling rabbits > West Mountain > Hueco Tanks > Texas,https://www.mountainproject.com/route/110130073/hoppity-spills-his-guts,2.8,5,-1,Boulder,V1 PG13,1,,31.9129,-106.0456
The Devil's Butthole,The Devil's Butthole > West Mountain > Hueco Tanks > Texas,https://www.mountainproject.com/route/111545323/the-devils-butthole,3.8,11,-1,Boulder,V6,1,36,31.91363,-106.04949
Bodysnatcher,Scary Movie Boulders > West Mountain > Hueco Tanks > Texas,https://www.mountainproject.com/route/114159724/bodysnatcher,3.1,15,-1,Boulder,V4,1,15,31.9129,-106.04559
Booty Slapper,Scary Movie Boulders > West Mountain > Hueco Tanks > Texas,https://www.mountainproject.com/route/114159733/booty-slapper,2.5,4,-1,Boulder,V5+,1,,31.9129,-106.04559
Rubbing Uglies,Scab Wall > West Mountain > Hueco Tanks > Texas,https://www.mountainproject.com/route/114287141/rubbing-uglies,2.0,1,-1,Boulder,V0- PG13,1,18,31.9129,-106.04559
Round Room Traverse,Round Room > West Mountain > Hueco Tanks > Texas,https://www.mountainproject.com/route/116731526/round-room-traverse,3.5,16,-1,Boulder,V0-,1,,31.9129,-106.04559
Pizza Face,Round Room > West Mountain > Hueco Tanks > Texas,https://www.mountainproject.com/route/116731535/pizza-face,2.0,1,-1,Boulder,V2-,1,15,31.9129,-106.04559
Corey The Pimp,Norwegian Wall > West Mountain > Hueco Tanks > Texas,https://www.mountainproject.com/route/117291867/corey-the-pimp,3.5,4,-1,Boulder,5.12c V6,1,,31.9129,-106.04559
Lead Belly (aka The Norwegian Wall),Norwegian Wall > West Mountain > Hueco Tanks > Texas,https://www.mountainproject.com/route/117291895/lead-belly-aka-the-norwegian-wall,3.0,1,-1,Boulder,V10,1,140,31.9129,-106.04559
V0 Runnel,Dam Boulders > West Mountain > Hueco Tanks > Texas,https://www.mountainproject.com/route/120268465/v0-runnel,2.0,1,-1,Boulder,V0,1,10,31.91559,-106.04608
V1 Vert,Dam Boulders > West Mountain > Hueco Tanks > Texas,https://www.mountainproject.com/route/120268523/v1-vert,2.0,2,-1,Boulder,V1,1,10,31.91559,-106.04608
V2 Huecos,Dam Boulders > West Mountain > Hueco Tanks > Texas,https://www.mountainproject.com/route/120268510/v2-huecos,2.5,2,-1,Boulder,V2,1,15,31.91559,-106.04608
Pink Moon,Gilligan's Island > West Mountain > Hueco Tanks > Texas,https://www.mountainproject.com/route/127392997/pink-moon,3.0,2,-1,Boulder,V5,1,,31.91563,-106.04213
Roses are Red,Gilligan's Island > West Mountain > Hueco Tanks > Texas,https://www.mountainproject.com/route/127393026/roses-are-red,3.0,1,-1,Boulder,V9,1,,31.91563,-106.04213