Route,Location,URL,Avg Stars,Num Ratings,Your Stars,Route Type,Rating,Pitches,Length,Area Latitude,Area Longitude
“Easy Mantle”,Area 51 > New Joe's > Joe's Valley > Central Utah > Utah,https://www.mountainproject.com/route/119975979/easy-mantle,2.3,8,-1,Boulder,V-easy X,1,3,39.30641,-111.11371
"Warm Me Up, Scotty",Area 51 > New Joe's > Joe's Valley > Central Utah > Utah,https://www.mountainproject.com/route/105880686/warm-me-up-scotty,2.7,247,-1,Boulder,V1,1,,39.30641,-111.11371
Goat Cheese,Area 51 > New Joe's > Joe's Valley > Central Utah > Utah,https://www.mountainproject.com/route/113776259/goat-cheese,1.6,22,-1,Boulder,V1,1,,39.30641,-111.11371
Suck That,Area 51 > New Joe's > Joe's Valley > Central Utah > Utah,https://www.mountainproject.com/route/106023819/suck-that,1.8,24,-1,Boulder,V2-,1,,39.30641,-111.11371
Gettin' Warmer,Area 51 > New Joe's > Joe's Valley > Central Utah > Utah,https://www.mountainproject.com/route/105881031/gettin-warmer,2.4,116,-1,Boulder,V2,1,,39.30641,-111.11371
Stumblebum Traverse Variation,Area 51 > New Joe's > Joe's Valley > Central Utah > Utah,https://www.mountainproject.com/route/118610815/stumblebum-traverse-variation,2.7,70,-1,Boulder,V2,1,10,39.30641,-111.11371
Stumble Pig,Area 51 > New Joe's > Joe's Valley > Central Utah > Utah,https://www.mountainproject.com/route/113713053/stumble-pig,1.8,32,-1,Boulder,V2,1,,39.30641,-111.11371
Huge Mamma,Area 51 > New Joe's > Joe's Valley > Central Utah > Utah,https://www.mountainproject.com/route/110161857/huge-mamma,2.0,25,-1,Boulder,V3,1,15,39.30641,-111.11371
Scary Spice,Area 51 > New Joe's > Joe's Valley > Central Utah > Utah,https://www.mountainproject.com/route/112801935/scary-spice,3.4,70,-1,Boulder,V3,1,18,39.30641,-111.11371
Chit,Area 51 > New Joe's > Joe's Valley > Central Utah > Utah,https://www.mountainproject.com/route/113713016/chit,2.0,20,-1,Boulder,V3,1,,39.30641,-111.11371
Goat Milk,Area 51 > New Joe's > Joe's Valley > Central Utah > Utah,https://www.mountainproject.com/route/113776268/goat-milk,1.9,24,-1,Boulder,V3,1,,39.30641,-111.11371
Super Sloper,Area 51 > New Joe's > Joe's Valley > Central Utah > Utah,https://www.mountainproject.com/route/105880412/super-sloper,3.1,239,-1,Boulder,V3,1,,39.30641,-111.11371
Marble Cake,Area 51 > New Joe's > Joe's Valley > Central Utah > Utah,https://www.mountainproject.com/route/105881004/marble-cake,2.0,6,-1,Boulder,V3,1,,39.30641,-111.11371
Snake Bite,Area 51 > New Joe's > Joe's Valley > Central Utah > Utah,https://www.mountainproject.com/route/106307444/snake-bite,2.6,79,-1,Boulder,V3,1,,39.30641,-111.11371
Scary,Area 51 > New Joe's > Joe's Valley > Central Utah > Utah,https://www.mountainproject.com/route/106389237/scary,3.1,116,-1,Boulder,V3,1,20,39.30641,-111.11371
Joe Cool,Area 51 > New Joe's > Joe's Valley > Central Utah > Utah,https://www.mountainproject.com/route/106721092/joe-cool,3.1,138,-1,Boulder,V3 R,1,20,39.30641,-111.11371
Get Shorty,Area 51 > New Joe's > Joe's Valley > Central Utah > Utah,https://www.mountainproject.com/route/107933313/get-shorty,2.1,83,-1,Boulder,V3,1,,39.30641,-111.11371
SPAM Arete,Area 51 > New Joe's > Joe's Valley > Central Utah > Utah,https://www.mountainproject.com/route/116109717/spam-arete,2.2,18,-1,Boulder,V3,1,,39.30641,-111.11371
Goatee Traverse,Area 51 > New Joe's > Joe's Valley > Central Utah > Utah,https://www.mountainproject.com/route/106312706/goatee-traverse,2.4,30,-1,Boulder,V3-4,1,20,39.30641,-111.11371
Slap Me Silly,Area 51 > New Joe's > Joe's Valley > Central Utah > Utah,https://www.mountainproject.com/route/106000024/slap-me-silly,2.6,5,-1,Boulder,V4,1,,39.30641,-111.11371
Sun in My Eyes,Area 51 > New Joe's > Joe's Valley > Central Utah > Utah,https://www.mountainproject.com/route/106307450/sun-in-my-eyes,2.1,95,-1,Boulder,V4,1,,39.30641,-111.11371
Stumblebum Traverse,Area 51 > New Joe's > Joe's Valley > Central Utah > Utah,https://www.mountainproject.com/route/107933321/stumblebum-traverse,2.9,173,-1,Boulder,V4,1,,39.30641,-111.11371
Phony Baloney,Area 51 > New Joe's > Joe's Valley > Central Utah > Utah,https://www.mountainproject.com/route/105999992/phony-baloney,2.4,60,-1,Boulder,V5-,1,,39.30641,-111.11371
Fig Fart,Area 51 > New Joe's > Joe's Valley > Central Utah > Utah,https://www.mountainproject.com/route/109550838/fig-fart,1.8,99,-1,Boulder,V5-,1,,39.30641,-111.11371
North Arete,Area 51 > New Joe's > Joe's Valley > Central Utah > Utah,https://www.mountainproject.com/route/109545687/north-arete,2.9,54,-1,Boulder,V6,1,12,39.30641,-111.11371
Sun in My Eye Traverse,Area 51 > New Joe's > Joe's Valley > Central Utah > Utah,https://www.mountainproject.com/route/106722352/sun-in-my-eye-traverse,2.5,72,-1,Boulder,V6,1,10,39.30641,-111.11371
SPAM,Area 51 > New Joe's > Joe's Valley > Central Utah > Utah,https://www.mountainproject.com/route/106166526/spam,2.9,83,-1,Boulder,V6-7,1,,39.30641,-111.11371
Stand Up,Area 51 > New Joe's > Joe's Valley > Central Utah > Utah,https://www.mountainproject.com/route/105880694/stand-up,2.9,93,-1,Boulder,V7,1,,39.30641,-111.11371
Big Boy,Area 51 > New Joe's > Joe's Valley > Central Utah > Utah,https://www.mountainproject.com/route/106000003/big-boy,2.9,101,-1,Boulder,V7,1,,39.30641,-111.11371
Phony Baloney Traverse,Area 51 > New Joe's > Joe's Valley > Central Utah > Utah,https://www.mountainproject.com/route/106000008/phony-baloney-traverse,2.9,58,-1,Boulder,V7,1,,39.30641,-111.11371
Two Finger Variation,Area 51 > New Joe's > Joe's Valley > Central Utah > Utah,https://www.mountainproject.com/route/106000013/two-finger-variation,2.7,11,-1,Boulder,V9,1,,39.30641,-111.11371
Shagadellic,Area 51 > New Joe's > Joe's Valley > Central Utah > Utah,https://www.mountainproject.com/route/106000020/shagadellic,3.1,7,-1,Boulder,V9,1,,39.30641,-111.11371
Resident Evil,Area 51 > New Joe's > Joe's Valley > Central Utah > Utah,https://www.mountainproject.com/route/105880681/resident-evil,3.8,80,-1,Boulder,V10,1,,39.30641,-111.11371
Freak,Area 51 > New Joe's > Joe's Valley > Central Utah > Utah,https://www.mountainproject.com/route/105999999/freak,2.1,9,-1,Boulder,V10,1,,39.30641,-111.11371
Conman,Anarchy > New Joe's > Joe's Valley > Central Utah > Utah,https://www.mountainproject.com/route/113713275/conman,1.6,14,-1,Boulder,V0+,1,,39.30712,-111.11441
Grip Tape,Anarchy > New Joe's > Joe's Valley > Central Utah > Utah,https://www.mountainproject.com/route/113713269/grip-tape,2.0,26,-1,Boulder,V1-,1,,39.30712,-111.11441
Tennessee,Anarchy > New Joe's > Joe's Valley > Central Utah > Utah,https://www.mountainproject.com/route/113713293/tennessee,1.4,14,-1,Boulder,V1,1,,39.30712,-111.11441
What Where,Anarchy > New Joe's > Joe's Valley > Central Utah > Utah,https://www.mountainproject.com/route/113713307/what-where,1.7,16,-1,Boulder,V1,1,,39.30712,-111.11441
Launch Pad,Anarchy > New Joe's > Joe's Valley > Central Utah > Utah,https://www.mountainproject.com/route/113713316/launch-pad,1.8,13,-1,Boulder,V1,1,,39.30712,-111.11441
Like a Volume,Anarchy > New Joe's > Joe's Valley > Central Utah > Utah,https://www.mountainproject.com/route/119652260/like-a-volume,1.7,6,-1,Boulder,V1,1,,39.30712,-111.11441
Rip It,Anarchy > New Joe's > Joe's Valley > Central Utah > Utah,https://www.mountainproject.com/route/200228263/rip-it,2.0,1,-1,Boulder,V2,1,6,39.30712,-111.11441
Careless Whisper,Anarchy > New Joe's > Joe's Valley > Central Utah > Utah,https://www.mountainproject.com/route/119652301/careless-whisper,2.0,5,-1,Boulder,V2+,1,,39.30712,-111.11441
Sundial,Anarchy > New Joe's > Joe's Valley > Central Utah > Utah,https://www.mountainproject.com/route/113985542/sundial,1.7,9,-1,Boulder,V3,1,13,39.30712,-111.11441
Scary Baby,Anarchy > New Joe's > Joe's Valley > Central Utah > Utah,https://www.mountainproject.com/route/107121508/scary-baby,2.1,34,-1,Boulder,V4 PG13,1,,39.30712,-111.11441
Idiot Man,Anarchy > New Joe's > Joe's Valley > Central Utah > Utah,https://www.mountainproject.com/route/107121521/idiot-man,2.2,22,-1,Boulder,V4,1,,39.30712,-111.11441
Horseshoe,Anarchy > New Joe's > Joe's Valley > Central Utah > Utah,https://www.mountainproject.com/route/121706251/horseshoe,2.4,13,-1,Boulder,V4,1,,39.30712,-111.11441
Blender,Anarchy > New Joe's > Joe's Valley > Central Utah > Utah,https://www.mountainproject.com/route/108146823/blender,2.3,56,-1,Boulder,V5,1,,39.30712,-111.11441
Pocket Rocket,Anarchy > New Joe's > Joe's Valley > Central Utah > Utah,https://www.mountainproject.com/route/105880701/pocket-rocket,3.4,377,-1,Boulder,V6-,1,,39.30712,-111.11441
Minnesota Woodchipper,Chip and Dale > New Joe's > Joe's Valley > Central Utah > Utah,https://www.mountainproject.com/route/107515908/minnesota-woodchipper,1.6,8,-1,Boulder,V3,1,,39.30838,-111.11474
Turd Crimper,Chip and Dale > New Joe's > Joe's Valley > Central Utah > Utah,https://www.mountainproject.com/route/121557556/turd-crimper,2.3,4,-1,Boulder,V5,1,,39.30838,-111.11474
Planet of the Apes,Chip and Dale > New Joe's > Joe's Valley > Central Utah > Utah,https://www.mountainproject.com/route/106318953/planet-of-the-apes,3.8,428,-1,Boulder,V7,1,12,39.30838,-111.11474
Chips,Chip and Dale > New Joe's > Joe's Valley > Central Utah > Utah,https://www.mountainproject.com/route/106318958/chips,3.5,459,-1,Boulder,V7,1,12,39.30838,-111.11474
American Gigolo,Chip and Dale > New Joe's > Joe's Valley > Central Utah > Utah,https://www.mountainproject.com/route/109872875/american-gigolo,2.3,13,-1,Boulder,V7,1,12,39.30838,-111.11474
Planet of the Grapes,Chip and Dale > New Joe's > Joe's Valley > Central Utah > Utah,https://www.mountainproject.com/route/119773886/planet-of-the-grapes,3.4,10,-1,Boulder,V7+,1,,39.30838,-111.11474
Fish n’ Chips,Chip and Dale > New Joe's > Joe's Valley > Central Utah > Utah,https://www.mountainproject.com/route/121702875/fish-n-chips,2.8,9,-1,Boulder,V7-8,1,,39.30838,-111.11474
An Ape Named Ape,Chip and Dale > New Joe's > Joe's Valley > Central Utah > Utah,https://www.mountainproject.com/route/122194226/an-ape-named-ape,2.0,1,-1,Boulder,V8-,1,10,39.30838,-111.11474
Silverback,Chip and Dale > New Joe's > Joe's Valley > Central Utah > Utah,https://www.mountainproject.com/route/119858321/silverback,3.0,2,-1,Boulder,V8+,1,15,39.30838,-111.11474
Planet of the Chips,Chip and Dale > New Joe's > Joe's Valley > Central Utah > Utah,https://www.mountainproject.com/route/113233417/planet-of-the-chips,1.5,8,-1,Boulder,V9-,1,,39.30838,-111.11474
Bubbatronic,Chip and Dale > New Joe's > Joe's Valley > Central Utah > Utah,https://www.mountainproject.com/route/107902443/bubbatronic,2.9,57,-1,Boulder,V9,1,13,39.30838,-111.11474
Whopper,Self Service > New Joe's > Joe's Valley > Central Utah > Utah,https://www.mountainproject.com/route/113866145/whopper,1.6,25,-1,Boulder,V2,1,,39.30661,-111.11463
Self Service,Self Service > New Joe's > Joe's Valley > Central Utah > Utah,https://www.mountainproject.com/route/106016652/self-service,3.4,409,-1,Boulder,V4,1,15,39.30661,-111.11463
Full Service,Self Service > New Joe's > Joe's Valley > Central Utah > Utah,https://www.mountainproject.com/route/121377295/full-service,2.4,7,-1,Boulder,V5,1,,39.30661,-111.11463
Mowgli,Self Service > New Joe's > Joe's Valley > Central Utah > Utah,https://www.mountainproject.com/route/110269837/mowgli,2.6,32,-1,Boulder,V5,1,10,39.30661,-111.11463
Sphere,The Closet > New Joe's > Joe's Valley > Central Utah > Utah,https://www.mountainproject.com/route/107933121/sphere,1.4,94,-1,Boulder,V0,1,,39.3084,-111.11504
Sphere Slab (Real Name?),The Closet > New Joe's > Joe's Valley > Central Utah > Utah,https://www.mountainproject.com/route/107933128/sphere-slab-real-name,2.3,50,-1,Boulder,V0,1,,39.3084,-111.11504
Happy,The Closet > New Joe's > Joe's Valley > Central Utah > Utah,https://www.mountainproject.com/route/107068419/happy,2.6,30,-1,Boulder,V1,1,25,39.3084,-111.11504
Desperado,The Closet > New Joe's > Joe's Valley > Central Utah > Utah,https://www.mountainproject.com/route/107933086/desperado,2.5,8,-1,Boulder,V1,1,,39.3084,-111.11504
Lamar,The Closet > New Joe's > Joe's Valley > Central Utah > Utah,https://www.mountainproject.com/route/107933108/lamar,2.4,162,-1,Boulder,V1,1,,39.3084,-111.11504
Clinging,The Closet > New Joe's > Joe's Valley > Central Utah > Utah,https://www.mountainproject.com/route/113772845/clinging,1.6,152,-1,Boulder,V1,1,10,39.3084,-111.11504
Bonzi Lightning,The Closet > New Joe's > Joe's Valley > Central Utah > Utah,https://www.mountainproject.com/route/106028824/bonzi-lightning,2.2,54,-1,Boulder,V2,1,,39.3084,-111.11504
Desperado Sit,The Closet > New Joe's > Joe's Valley > Central Utah > Utah,https://www.mountainproject.com/route/106389262/desperado-sit,2.5,224,-1,Boulder,V2,1,10,39.3084,-111.11504
Northwest Arete,The Closet > New Joe's > Joe's Valley > Central Utah > Utah,https://www.mountainproject.com/route/106722347/northwest-arete,2.2,79,-1,Boulder,V2,1,10,39.3084,-111.11504
Snake Eyes,The Closet > New Joe's > Joe's Valley > Central Utah > Utah,https://www.mountainproject.com/route/107933091/snake-eyes,2.0,186,-1,Boulder,V2,1,,39.3084,-111.11504
Stinky Jeans,The Closet > New Joe's > Joe's Valley > Central Utah > Utah,https://www.mountainproject.com/route/107933116/stinky-jeans,2.3,28,-1,Boulder,V2,1,,39.3084,-111.11504
Bad Genes,The Closet > New Joe's > Joe's Valley > Central Utah > Utah,https://www.mountainproject.com/route/106136234/bad-genes,2.9,16,-1,Boulder,V3,1,,39.3084,-111.11504
Feel Happy,The Closet > New Joe's > Joe's Valley > Central Utah > Utah,https://www.mountainproject.com/route/107068390/feel-happy,2.6,329,-1,Boulder,V3,1,25,39.3084,-111.11504
Pimpn' Jeans,The Closet > New Joe's > Joe's Valley > Central Utah > Utah,https://www.mountainproject.com/route/106028821/pimpn-jeans,3.1,484,-1,Boulder,V3-4,1,,39.3084,-111.11504
Reading Rainbow,The Closet > New Joe's > Joe's Valley > Central Utah > Utah,https://www.mountainproject.com/route/106389252/reading-rainbow,2.1,22,-1,Boulder,V4,1,10,39.3084,-111.11504
Perfect Jeans,The Closet > New Joe's > Joe's Valley > Central Utah > Utah,https://www.mountainproject.com/route/123835995/perfect-jeans,2.8,124,-1,Boulder,V4,1,18,39.3084,-111.11504
Roll the Dice,The Closet > New Joe's > Joe's Valley > Central Utah > Utah,https://www.mountainproject.com/route/106312691/roll-the-dice,2.6,64,-1,Boulder,V5,1,15,39.3084,-111.11504
Sock Drawer,The Closet > New Joe's > Joe's Valley > Central Utah > Utah,https://www.mountainproject.com/route/120816297/sock-drawer,2.5,29,-1,Boulder,V5+,1,,39.3084,-111.11504
Fried,Nerve Damage > New Joe's > Joe's Valley > Central Utah > Utah,https://www.mountainproject.com/route/112866005/fried,1.4,14,-1,Boulder,V0,1,,39.30853,-111.11427
No Machine,Nerve Damage > New Joe's > Joe's Valley > Central Utah > Utah,https://www.mountainproject.com/route/112547738/no-machine,2.6,18,-1,Boulder,V1-2,1,12,39.30853,-111.11427
Sexy Chicken,Nerve Damage > New Joe's > Joe's Valley > Central Utah > Utah,https://www.mountainproject.com/route/112547769/sexy-chicken,1.8,19,-1,Boulder,V2,1,10,39.30853,-111.11427
Chickenish,Nerve Damage > New Joe's > Joe's Valley > Central Utah > Utah,https://www.mountainproject.com/route/112866031/chickenish,1.5,11,-1,Boulder,V2,1,,39.30853,-111.11427
The Big Lebowski,Nerve Damage > New Joe's > Joe's Valley > Central Utah > Utah,https://www.mountainproject.com/route/107933099/the-big-lebowski,2.6,32,-1,Boulder,V3+,1,,39.30853,-111.11427
The Dude,Nerve Damage > New Joe's > Joe's Valley > Central Utah > Utah,https://www.mountainproject.com/route/109990075/the-dude,3.1,44,-1,Boulder,V4,1,15,39.30853,-111.11427
Nerve Damage,Nerve Damage > New Joe's > Joe's Valley > Central Utah > Utah,https://www.mountainproject.com/route/106318965/nerve-damage,3.6,17,-1,Boulder,V6,1,,39.30853,-111.11427
Lady Hips,Nerve Damage > New Joe's > Joe's Valley > Central Utah > Utah,https://www.mountainproject.com/route/116503840/lady-hips,3.4,34,-1,Boulder,V7,1,12,39.30853,-111.11427
Sherpa’s Pie,Nerve Damage > New Joe's > Joe's Valley > Central Utah > Utah,https://www.mountainproject.com/route/117791985/sherpas-pie,2.0,2,-1,Boulder,V8,1,18,39.30853,-111.11427
Man Buns,Nerve Damage > New Joe's > Joe's Valley > Central Utah > Utah,https://www.mountainproject.com/route/117895991/man-buns,3.0,2,-1,Boulder,V8,1,12,39.30853,-111.11427
I'd Rather Be Climbing Her,Limbo and Tsunami > New Joe's > Joe's Valley > Central Utah > Utah,https://www.mountainproject.com/route/106389107/id-rather-be-climbing-her,3.5,54,-1,Boulder,V6,1,15,39.3077,-111.11349
Skinned alive,88+ > New Joe's > Joe's Valley > Central Utah > Utah,https://www.mountainproject.com/route/124104505/skinned-alive,2.0,4,-1,Boulder,V2,1,15,39.30778,-111.11477
Not So Hot,88+ > New Joe's > Joe's Valley > Central Utah > Utah,https://www.mountainproject.com/route/113712985/not-so-hot,1.9,12,-1,Boulder,V2,1,,39.30778,-111.11477
V3,88+ > New Joe's > Joe's Valley > Central Utah > Utah,https://www.mountainproject.com/route/108471670/v3,1.5,6,-1,Boulder,V2-3,1,6,39.30778,-111.11477
Stink Eye,88+ > New Joe's > Joe's Valley > Central Utah > Utah,https://www.mountainproject.com/route/108983165/stink-eye,2.1,12,-1,Boulder,V4,1,15,39.30778,-111.11477
Attention- Variation,88+ > New Joe's > Joe's Valley > Central Utah > Utah,https://www.mountainproject.com/route/110562682/attention-variation,2.1,20,-1,Boulder,V4,1,,39.30778,-111.11477
Direct Contact,88+ > New Joe's > Joe's Valley > Central Utah > Utah,https://www.mountainproject.com/route/123268620/direct-contact,2.7,3,-1,Boulder,V4-5,1,12,39.30778,-111.11477
Contact,88+ > New Joe's > Joe's Valley > Central Utah > Utah,https://www.mountainproject.com/route/107057814/contact,3.0,129,-1,Boulder,V5,1,12,39.30778,-111.11477
Attention,88+ > New Joe's > Joe's Valley > Central Utah > Utah,https://www.mountainproject.com/route/120573606/attention,2.0,14,-1,Boulder,V6-,1,10,39.30778,-111.11477
Stink eye low,88+ > New Joe's > Joe's Valley > Central Utah > Utah,https://www.mountainproject.com/route/110562668/stink-eye-low,1.7,9,-1,Boulder,V6,1,,39.30778,-111.11477
Life Ender,Bone Garden > New Joe's > Joe's Valley > Central Utah > Utah,https://www.mountainproject.com/route/112188080/life-ender,1.0,2,-1,Boulder,V3,1,15,39.30785,-111.11279
Worm Hole,Bone Garden > New Joe's > Joe's Valley > Central Utah > Utah,https://www.mountainproject.com/route/106722388/worm-hole,2.2,5,-1,Boulder,V6 X,1,,39.30785,-111.11279
Roll the Bones,Bone Garden > New Joe's > Joe's Valley > Central Utah > Utah,https://www.mountainproject.com/route/106722380/roll-the-bones,3.3,41,-1,Boulder,V7-,1,15,39.30785,-111.11279
Sweet Dihedral,Bridge Boulders > New Joe's > Joe's Valley > Central Utah > Utah,https://www.mountainproject.com/route/106832739/sweet-dihedral,2.0,1,-1,Boulder,V0,1,,39.30883,-111.11865
Slab Side,Bridge Boulders > New Joe's > Joe's Valley > Central Utah > Utah,https://www.mountainproject.com/route/106832725/slab-side,0.0,1,-1,Boulder,V0-1,1,,39.30883,-111.11865
Babe's Boulder,Bridge Boulders > New Joe's > Joe's Valley > Central Utah > Utah,https://www.mountainproject.com/route/106832755/babes-boulder,3.0,1,-1,Boulder,V0-1,1,,39.30883,-111.11865
The Gem,Bridge Boulders > New Joe's > Joe's Valley > Central Utah > Utah,https://www.mountainproject.com/route/106832746/the-gem,3.0,1,-1,Boulder,V1,1,,39.30883,-111.11865
The Blunt,Bridge Boulders > New Joe's > Joe's Valley > Central Utah > Utah,https://www.mountainproject.com/route/106832733/the-blunt,1.0,1,-1,Boulder,V2,1,,39.30883,-111.11865
Grady's List,Bridge Boulders > New Joe's > Joe's Valley > Central Utah > Utah,https://www.mountainproject.com/route/106832673/gradys-list,3.0,1,-1,Boulder,V3,1,,39.30883,-111.11865
Sap Arete,Bridge Boulders > New Joe's > Joe's Valley > Central Utah > Utah,https://www.mountainproject.com/route/106832713/sap-arete,1.0,1,-1,Boulder,V4,1,,39.30883,-111.11865
cable grind,Cable Grind Boulder > New Joe's > Joe's Valley > Central Utah > Utah,https://www.mountainproject.com/route/107061393/cable-grind,1.5,2,-1,Boulder,V5,1,,39.30961,-111.11551
Purple Drank,Tang Boulder > New Joe's > Joe's Valley > Central Utah > Utah,https://www.mountainproject.com/route/111902669/purple-drank,1.5,4,-1,Boulder,V1,1,18,39.31265,-111.12039
Purple Drank,Tang Boulder > New Joe's > Joe's Valley > Central Utah > Utah,https://www.mountainproject.com/route/111216289/purple-drank,1.5,13,-1,Boulder,V3,1,,39.31265,-111.12039
Powerade,Tang Boulder > New Joe's > Joe's Valley > Central Utah > Utah,https://www.mountainproject.com/route/107934890/powerade,2.3,6,-1,Boulder,V3,1,,39.31265,-111.12039
Gatorade,Tang Boulder > New Joe's > Joe's Valley > Central Utah > Utah,https://www.mountainproject.com/route/107934884/gatorade,3.2,116,-1,Boulder,V5,1,,39.31265,-111.12039
Tang,Tang Boulder > New Joe's > Joe's Valley > Central Utah > Utah,https://www.mountainproject.com/route/107934877/tang,3.4,72,-1,Boulder,V6,1,,39.31265,-111.12039
Ghost King,Tang Boulder > New Joe's > Joe's Valley > Central Utah > Utah,https://www.mountainproject.com/route/107455781/ghost-king,3.7,6,-1,Boulder,V11,1,20,39.31265,-111.12039
Pop Rocks Low,Tang Boulder > New Joe's > Joe's Valley > Central Utah > Utah,https://www.mountainproject.com/route/200602991/pop-rocks-low,3.0,1,-1,Boulder,V11,1,,39.31265,-111.12039
Ghost of War,Tang Boulder > New Joe's > Joe's Valley > Central Utah > Utah,https://www.mountainproject.com/route/107455787/ghost-of-war,3.0,3,-1,Boulder,V12,1,20,39.31265,-111.12039
A Mustaches Revenge,Pitbull > New Joe's > Joe's Valley > Central Utah > Utah,https://www.mountainproject.com/route/107609854/a-mustaches-revenge,1.7,6,-1,Boulder,V3,1,,39.30725,-111.11293
Pitbull,Pitbull > New Joe's > Joe's Valley > Central Utah > Utah,https://www.mountainproject.com/route/107609842/pitbull,2.7,115,-1,Boulder,V6,1,8,39.30725,-111.11293
9lb Hammer,Pitbull > New Joe's > Joe's Valley > Central Utah > Utah,https://www.mountainproject.com/route/200391415/9lb-hammer,4.0,1,-1,Boulder,V9,1,12,39.30725,-111.11293
Pocketeer,"Playtime is Over, Space Chubby, Salsa Verde, The Edge > New Joe's > Joe's Valley > Central Utah > Utah",https://www.mountainproject.com/route/110248863/pocketeer,2.3,10,-1,Boulder,V2,1,,39.30896,-111.11247
The Edge,"Playtime is Over, Space Chubby, Salsa Verde, The Edge > New Joe's > Joe's Valley > Central Utah > Utah",https://www.mountainproject.com/route/107933345/the-edge,3.2,19,-1,Boulder,V2 PG13,1,,39.30896,-111.11247
The Face,"Playtime is Over, Space Chubby, Salsa Verde, The Edge > New Joe's > Joe's Valley > Central Utah > Utah",https://www.mountainproject.com/route/107934869/the-face,2.4,10,-1,Boulder,V2,1,,39.30896,-111.11247
Salsa Verde,"Playtime is Over, Space Chubby, Salsa Verde, The Edge > New Joe's > Joe's Valley > Central Utah > Utah",https://www.mountainproject.com/route/107933337/salsa-verde,3.1,57,-1,Boulder,V4,1,,39.30896,-111.11247
Space Chubby,"Playtime is Over, Space Chubby, Salsa Verde, The Edge > New Joe's > Joe's Valley > Central Utah > Utah",https://www.mountainproject.com/route/123400757/space-chubby,2.0,2,-1,Boulder,V4,1,18,39.30896,-111.11247
Playtime Is Over,"Playtime is Over, Space Chubby, Salsa Verde, The Edge > New Joe's > Joe's Valley > Central Utah > Utah",https://www.mountainproject.com/route/114008246/playtime-is-over,3.5,17,-1,Boulder,V9,1,10,39.30896,-111.11247
Exit Wound,Parking Area > New Joe's > Joe's Valley > Central Utah > Utah,https://www.mountainproject.com/route/109590434/exit-wound,2.8,5,-1,Boulder,V0,1,10,39.31063,-111.12032
Pump Action,Parking Area > New Joe's > Joe's Valley > Central Utah > Utah,https://www.mountainproject.com/route/109590422/pump-action,1.5,2,-1,Boulder,V3,1,,39.31063,-111.12032
Double Tap,Parking Area > New Joe's > Joe's Valley > Central Utah > Utah,https://www.mountainproject.com/route/109590400/double-tap,3.0,2,-1,Boulder,V5 PG13,1,20,39.31063,-111.12032
Turds,Road Boulder > New Joe's > Joe's Valley > Central Utah > Utah,https://www.mountainproject.com/route/110109564/turds,1.5,28,-1,Boulder,V0-,1,10,39.30746,-111.11475
Crack Attack,Road Boulder > New Joe's > Joe's Valley > Central Utah > Utah,https://www.mountainproject.com/route/110109381/crack-attack,1.9,8,-1,Boulder,V1,1,10,39.30746,-111.11475
Brush Off,Road Boulder > New Joe's > Joe's Valley > Central Utah > Utah,https://www.mountainproject.com/route/110109619/brush-off,2.0,27,-1,Boulder,V1,1,8,39.30746,-111.11475
Sneaker,Road Boulder > New Joe's > Joe's Valley > Central Utah > Utah,https://www.mountainproject.com/route/113713212/sneaker,2.1,25,-1,Boulder,V1,1,,39.30746,-111.11475
Screamer,Road Boulder > New Joe's > Joe's Valley > Central Utah > Utah,https://www.mountainproject.com/route/113713230/screamer,1.7,6,-1,Boulder,V1,1,,39.30746,-111.11475
Flak Attack,Road Boulder > New Joe's > Joe's Valley > Central Utah > Utah,https://www.mountainproject.com/route/110109572/flak-attack,2.2,30,-1,Boulder,V1+,1,13,39.30746,-111.11475
Poop Man,Road Boulder > New Joe's > Joe's Valley > Central Utah > Utah,https://www.mountainproject.com/route/110109361/poop-man,1.8,25,-1,Boulder,V2,1,10,39.30746,-111.11475
Sandy,Road Boulder > New Joe's > Joe's Valley > Central Utah > Utah,https://www.mountainproject.com/route/110109295/sandy,2.0,21,-1,Boulder,V3,1,10,39.30746,-111.11475
Stand Up,Road Boulder > New Joe's > Joe's Valley > Central Utah > Utah,https://www.mountainproject.com/route/110109347/stand-up,1.7,19,-1,Boulder,V3,1,10,39.30746,-111.11475
Mad Man,Road Boulder > New Joe's > Joe's Valley > Central Utah > Utah,https://www.mountainproject.com/route/110109553/mad-man,1.8,14,-1,Boulder,V3,1,10,39.30746,-111.11475
Fart Shoes,Road Boulder > New Joe's > Joe's Valley > Central Utah > Utah,https://www.mountainproject.com/route/110089279/fart-shoes,2.6,32,-1,Boulder,V4,1,10,39.30746,-111.11475
Dark Hole,Road Boulder > New Joe's > Joe's Valley > Central Utah > Utah,https://www.mountainproject.com/route/110109326/dark-hole,2.3,45,-1,Boulder,V4,1,10,39.30746,-111.11475
Scoops,Entrance Area > The Wash Boulders > New Joe's > Joe's Valley > Central Utah > Utah,https://www.mountainproject.com/route/114359724/scoops,3.6,7,-1,Boulder,V3-4,1,15,39.30467,-111.12236
LOUD ASS BIRDS,Entrance Area > The Wash Boulders > New Joe's > Joe's Valley > Central Utah > Utah,https://www.mountainproject.com/route/122346857/loud-ass-birds,3.3,9,-1,Boulder,V4,1,22,39.30467,-111.12236
Entrance Exam,Entrance Area > The Wash Boulders > New Joe's > Joe's Valley > Central Utah > Utah,https://www.mountainproject.com/route/114348114/entrance-exam,3.7,46,-1,Boulder,V8,1,10,39.30467,-111.12236
Pocket Slab,Bypass Boulder > The Wash Boulders > New Joe's > Joe's Valley > Central Utah > Utah,https://www.mountainproject.com/route/114348186/pocket-slab,2.5,6,-1,Boulder,V0,1,12,39.30543,-111.12686
Unknown v1,Bypass Boulder > The Wash Boulders > New Joe's > Joe's Valley > Central Utah > Utah,https://www.mountainproject.com/route/114348164/unknown-v1,1.3,7,-1,Boulder,V2,1,10,39.30543,-111.12686
Pocket Protector,Bypass Boulder > The Wash Boulders > New Joe's > Joe's Valley > Central Utah > Utah,https://www.mountainproject.com/route/114348178/pocket-protector,2.2,9,-1,Boulder,V2,1,10,39.30543,-111.12686
Unknown,Bypass Boulder > The Wash Boulders > New Joe's > Joe's Valley > Central Utah > Utah,https://www.mountainproject.com/route/114351276/unknown,1.5,4,-1,Boulder,V2+,1,10,39.30543,-111.12686
Sandy Cheeks,Bypass Boulder > The Wash Boulders > New Joe's > Joe's Valley > Central Utah > Utah,https://www.mountainproject.com/route/118853741/sandy-cheeks,3.5,22,-1,Boulder,V4,1,13,39.30543,-111.12686
Triple Bypass,Bypass Boulder > The Wash Boulders > New Joe's > Joe's Valley > Central Utah > Utah,https://www.mountainproject.com/route/114375259/triple-bypass,3.0,4,-1,Boulder,V9,1,13,39.30543,-111.12686
Easy Corner,Traditional Boulder > The Wash Boulders > New Joe's > Joe's Valley > Central Utah > Utah,https://www.mountainproject.com/route/114348233/easy-corner,2.0,2,-1,Boulder,V-easy,1,,39.30642,-111.12838
Cracked Out,Traditional Boulder > The Wash Boulders > New Joe's > Joe's Valley > Central Utah > Utah,https://www.mountainproject.com/route/114348218/cracked-out,2.5,4,-1,Boulder,V1,1,12,39.30642,-111.12838
YKK on Your Zipper,So Fresh So Clean Boulder > The Wash Boulders > New Joe's > Joe's Valley > Central Utah > Utah,https://www.mountainproject.com/route/114348325/ykk-on-your-zipper,1.0,1,-1,Boulder,V1,1,9,39.30736,-111.1293
So Fresh,So Fresh So Clean Boulder > The Wash Boulders > New Joe's > Joe's Valley > Central Utah > Utah,https://www.mountainproject.com/route/114348262/so-fresh,2.0,2,-1,Boulder,V4 PG13,1,12,39.30736,-111.1293
Bambino on Your Snipples,So Fresh So Clean Boulder > The Wash Boulders > New Joe's > Joe's Valley > Central Utah > Utah,https://www.mountainproject.com/route/114348313/bambino-on-your-snipples,1.5,1,-1,Boulder,V4,1,10,39.30736,-111.1293
So Clean,So Fresh So Clean Boulder > The Wash Boulders > New Joe's > Joe's Valley > Central Utah > Utah,https://www.mountainproject.com/route/114348303/so-clean,2.7,3,-1,Boulder,V5+,1,10,39.30736,-111.1293
Hung Out to Dry,Hung Out to Dry Boulder > The Wash Boulders > New Joe's > Joe's Valley > Central Utah > Utah,https://www.mountainproject.com/route/114348336/hung-out-to-dry,2.7,6,-1,Boulder,V6,1,16,39.30742,-111.12936
Dirty Laundry,Dirty Laundry Boulder > The Wash Boulders > New Joe's > Joe's Valley > Central Utah > Utah,https://www.mountainproject.com/route/114348389/dirty-laundry,1.0,1,-1,Boulder,V1,1,8,39.30753,-111.12949
All Washed Up,Western Washing Machine Boulder > The Wash Boulders > New Joe's > Joe's Valley > Central Utah > Utah,https://www.mountainproject.com/route/114348471/all-washed-up,4.0,1,-1,Boulder,V1,1,15,39.3077,-111.12999
Morphomatic,Western Washing Machine Boulder > The Wash Boulders > New Joe's > Joe's Valley > Central Utah > Utah,https://www.mountainproject.com/route/114348457/morphomatic,1.0,1,-1,Boulder,V3-4,1,10,39.3077,-111.12999
Western Washing Machine,Western Washing Machine Boulder > The Wash Boulders > New Joe's > Joe's Valley > Central Utah > Utah,https://www.mountainproject.com/route/114348450/western-washing-machine,2.0,1,-1,Boulder,V4,1,12,39.3077,-111.12999
Himalayan Quartz,Western Washing Machine Boulder > The Wash Boulders > New Joe's > Joe's Valley > Central Utah > Utah,https://www.mountainproject.com/route/114348437/himalayan-quartz,2.9,7,-1,Boulder,V4+,1,12,39.3077,-111.12999
Double Loader,Western Washing Machine Boulder > The Wash Boulders > New Joe's > Joe's Valley > Central Utah > Utah,https://www.mountainproject.com/route/114348461/double-loader,2.0,1,-1,Boulder,V6,1,10,39.3077,-111.12999
Clean Sweep,Clean Sweep Boulder > The Wash Boulders > New Joe's > Joe's Valley > Central Utah > Utah,https://www.mountainproject.com/route/114348545/clean-sweep,2.0,1,-1,Boulder,V1,1,10,39.30777,-111.13003
Tufa King,Tufa King Cool Roof > The Wash Boulders > New Joe's > Joe's Valley > Central Utah > Utah,https://www.mountainproject.com/route/114348635/tufa-king,3.0,3,-1,Boulder,V7,1,30,39.30846,-111.13116
Tufa King Cool,Tufa King Cool Roof > The Wash Boulders > New Joe's > Joe's Valley > Central Utah > Utah,https://www.mountainproject.com/route/114348653/tufa-king-cool,4.0,1,-1,Boulder,V10,1,35,39.30846,-111.13116
Project,Tufa King Cool Roof > The Wash Boulders > New Joe's > Joe's Valley > Central Utah > Utah,https://www.mountainproject.com/route/114351280/project,3.0,1,-1,Boulder,V10+,1,30,39.30846,-111.13116
Right Off,Clean Break Boulder > The Wash Boulders > New Joe's > Joe's Valley > Central Utah > Utah,https://www.mountainproject.com/route/114348699/right-off,1.0,1,-1,Boulder,V0,1,12,39.30811,-111.12955
Like a Bandaid,Clean Break Boulder > The Wash Boulders > New Joe's > Joe's Valley > Central Utah > Utah,https://www.mountainproject.com/route/114348692/like-a-bandaid,2.0,2,-1,Boulder,V3,1,14,39.30811,-111.12955
Clean Break,Clean Break Boulder > The Wash Boulders > New Joe's > Joe's Valley > Central Utah > Utah,https://www.mountainproject.com/route/114348683/clean-break,3.0,3,-1,Boulder,V6,1,14,39.30811,-111.12955
Making Amends,Clean Break Boulder > The Wash Boulders > New Joe's > Joe's Valley > Central Utah > Utah,https://www.mountainproject.com/route/120588859/making-amends,3.0,1,-1,Boulder,V9,1,13,39.30811,-111.12955
Morty,Rick and Morty Boulder > The Wash Boulders > New Joe's > Joe's Valley > Central Utah > Utah,https://www.mountainproject.com/route/114349142/morty,1.5,2,-1,Boulder,V-easy,1,10,39.30758,-111.13028
Cronenberg,Rick and Morty Boulder > The Wash Boulders > New Joe's > Joe's Valley > Central Utah > Utah,https://www.mountainproject.com/route/114348921/cronenberg,1.0,1,-1,Boulder,V0,1,10,39.30758,-111.13028
Mr Bulldops,Rick and Morty Boulder > The Wash Boulders > New Joe's > Joe's Valley > Central Utah > Utah,https://www.mountainproject.com/route/114349133/mr-bulldops,2.0,2,-1,Boulder,V0,1,12,39.30758,-111.13028
Rick,Rick and Morty Boulder > The Wash Boulders > New Joe's > Joe's Valley > Central Utah > Utah,https://www.mountainproject.com/route/114349084/rick,1.0,2,-1,Boulder,V1,1,12,39.30758,-111.13028
Plumbus,Rick and Morty Boulder > The Wash Boulders > New Joe's > Joe's Valley > Central Utah > Utah,https://www.mountainproject.com/route/114348905/plumbus,3.0,8,-1,Boulder,V3,1,15,39.30758,-111.13028
Cromulon,Rick and Morty Boulder > The Wash Boulders > New Joe's > Joe's Valley > Central Utah > Utah,https://www.mountainproject.com/route/114349140/cromulon,1.0,1,-1,Boulder,V4,1,,39.30758,-111.13028
I Like What You Got,Rick and Morty Boulder > The Wash Boulders > New Joe's > Joe's Valley > Central Utah > Utah,https://www.mountainproject.com/route/114349790/i-like-what-you-got,2.5,2,-1,Boulder,V7,1,15,39.30758,-111.13028
Show Me What You Got,Rick and Morty Boulder > The Wash Boulders > New Joe's > Joe's Valley > Central Utah > Utah,https://www.mountainproject.com/route/114349096/show-me-what-you-got,4.0,2,-1,Boulder,V8,1,15,39.30758,-111.13028
Get Schwifty,Rick and Morty Boulder > The Wash Boulders > New Joe's > Joe's Valley > Central Utah > Utah,https://www.mountainproject.com/route/114349112/get-schwifty,3.5,1,-1,Boulder,V8,1,15,39.30758,-111.13028
Project,Behemoth Boulder > The Wash Boulders > New Joe's > Joe's Valley > Central Utah > Utah,https://www.mountainproject.com/route/114349806/project,3.0,1,-1,Boulder,V10+,1,18,39.30796,-111.1305
Flash of a the Titans,Flash of the Titans Boulder > The Wash Boulders > New Joe's > Joe's Valley > Central Utah > Utah,https://www.mountainproject.com/route/120527741/flash-of-a-the-titans,4.0,1,-1,Boulder,V1,1,20,39.306,-111.13034
Frozen Finger Filet,Flash of the Titans Boulder > The Wash Boulders > New Joe's > Joe's Valley > Central Utah > Utah,https://www.mountainproject.com/route/116085343/frozen-finger-filet,3.0,1,-1,Boulder,V7,1,15,39.306,-111.13034
Not PC,Not PC > New Joe's > Joe's Valley > Central Utah > Utah,https://www.mountainproject.com/route/121787449/not-pc,3.7,3,-1,Boulder,V9-10,1,10,39.30973,-111.11432
Unnamed 1,Parking Area > New Joe's > Joe's Valley > Central Utah > Utah,https://www.mountainproject.com/route/122509490/unnamed-1,3.0,1,-1,Boulder,V2,1,7,39.31027,-111.1203
Riverside,Riverside Boulders > Left Fork > Joe's Valley > Central Utah > Utah,https://www.mountainproject.com/route/107177367/riverside,2.3,30,-1,Boulder,V0,1,10,39.27864,-111.22785
Warm-up Traverse,Riverside Boulders > Left Fork > Joe's Valley > Central Utah > Utah,https://www.mountainproject.com/route/111100231/warm-up-traverse,2.6,57,-1,Boulder,V0,1,30,39.27864,-111.22785
Road to Nowhere,Riverside Boulders > Left Fork > Joe's Valley > Central Utah > Utah,https://www.mountainproject.com/route/106720992/road-to-nowhere,2.8,50,-1,Boulder,V0-1,1,60,39.27864,-111.22785
To Infinity,Riverside Boulders > Left Fork > Joe's Valley > Central Utah > Utah,https://www.mountainproject.com/route/106023766/to-infinity,2.6,166,-1,Boulder,V1 PG13,1,,39.27864,-111.22785
Club Tan,Riverside Boulders > Left Fork > Joe's Valley > Central Utah > Utah,https://www.mountainproject.com/route/107177380/club-tan,2.0,103,-1,Boulder,V1,1,12,39.27864,-111.22785
Riverside Boulder V1,Riverside Boulders > Left Fork > Joe's Valley > Central Utah > Utah,https://www.mountainproject.com/route/107177396/riverside-boulder-v1,2.1,82,-1,Boulder,V1,1,12,39.27864,-111.22785
K-Town V1 Left,Riverside Boulders > Left Fork > Joe's Valley > Central Utah > Utah,https://www.mountainproject.com/route/107177419/k-town-v1-left,2.1,130,-1,Boulder,V1,1,10,39.27864,-111.22785
K-Town V1 Right,Riverside Boulders > Left Fork > Joe's Valley > Central Utah > Utah,https://www.mountainproject.com/route/107177426/k-town-v1-right,2.0,102,-1,Boulder,V1,1,10,39.27864,-111.22785
The Angler,Riverside Boulders > Left Fork > Joe's Valley > Central Utah > Utah,https://www.mountainproject.com/route/105880426/the-angler,3.6,902,-1,Boulder,V2,1,15,39.27864,-111.22785
B-Town,Riverside Boulders > Left Fork > Joe's Valley > Central Utah > Utah,https://www.mountainproject.com/route/107937799/b-town,1.8,64,-1,Boulder,V2,1,,39.27864,-111.22785
True Love,Riverside Boulders > Left Fork > Joe's Valley > Central Utah > Utah,https://www.mountainproject.com/route/107937805/true-love,2.1,103,-1,Boulder,V2,1,,39.27864,-111.22785
And Beyond,Riverside Boulders > Left Fork > Joe's Valley > Central Utah > Utah,https://www.mountainproject.com/route/107937811/and-beyond,2.4,88,-1,Boulder,V2,1,,39.27864,-111.22785
Downclimb Left,Riverside Boulders > Left Fork > Joe's Valley > Central Utah > Utah,https://www.mountainproject.com/route/107937830/downclimb-left,2.0,41,-1,Boulder,V3-,1,,39.27864,-111.22785
Chi,Riverside Boulders > Left Fork > Joe's Valley > Central Utah > Utah,https://www.mountainproject.com/route/106023761/chi,2.5,124,-1,Boulder,V3,1,,39.27864,-111.22785
Don't Leave Too Soon,Riverside Boulders > Left Fork > Joe's Valley > Central Utah > Utah,https://www.mountainproject.com/route/107610002/dont-leave-too-soon,3.5,259,-1,Boulder,V3,1,15,39.27864,-111.22785
K-Town,Riverside Boulders > Left Fork > Joe's Valley > Central Utah > Utah,https://www.mountainproject.com/route/107937793/k-town,2.4,195,-1,Boulder,V3,1,,39.27864,-111.22785
Amtrak,Riverside Boulders > Left Fork > Joe's Valley > Central Utah > Utah,https://www.mountainproject.com/route/107934901/amtrak,2.8,63,-1,Boulder,V4,1,,39.27864,-111.22785
Shit,Riverside Boulders > Left Fork > Joe's Valley > Central Utah > Utah,https://www.mountainproject.com/route/107937786/shit,2.1,124,-1,Boulder,V4,1,,39.27864,-111.22785
Kelly's Arete,Riverside Boulders > Left Fork > Joe's Valley > Central Utah > Utah,https://www.mountainproject.com/route/105938362/kellys-arete,3.1,282,-1,Boulder,V5,1,15,39.27864,-111.22785
Low Tide,Riverside Boulders > Left Fork > Joe's Valley > Central Utah > Utah,https://www.mountainproject.com/route/105880763/low-tide,3.8,244,-1,Boulder,V6,1,,39.27864,-111.22785
Fire in the Hole,Riverside Boulders > Left Fork > Joe's Valley > Central Utah > Utah,https://www.mountainproject.com/route/107177358/fire-in-the-hole,1.9,28,-1,Boulder,V6,1,11,39.27864,-111.22785
Feels Like Grit Lite/Right,Riverside Boulders > Left Fork > Joe's Valley > Central Utah > Utah,https://www.mountainproject.com/route/114102950/feels-like-grit-literight,2.7,50,-1,Boulder,V6,1,13,39.27864,-111.22785
Feels Like Grit,Riverside Boulders > Left Fork > Joe's Valley > Central Utah > Utah,https://www.mountainproject.com/route/105938571/feels-like-grit,3.1,98,-1,Boulder,V7,1,15,39.27864,-111.22785
Falling With Style,Riverside Boulders > Left Fork > Joe's Valley > Central Utah > Utah,https://www.mountainproject.com/route/116803934/falling-with-style,2.3,7,-1,Boulder,V7+,1,20,39.27864,-111.22785
Notting Hill,Riverside Boulders > Left Fork > Joe's Valley > Central Utah > Utah,https://www.mountainproject.com/route/109608365/notting-hill,3.0,24,-1,Boulder,V8,1,12,39.27864,-111.22785
South Slab,Big Joe > Left Fork > Joe's Valley > Central Utah > Utah,https://www.mountainproject.com/route/106721012/south-slab,2.4,60,-1,Boulder,V0,1,15,39.27905,-111.22764
Meat Head,Big Joe > Left Fork > Joe's Valley > Central Utah > Utah,https://www.mountainproject.com/route/106721025/meat-head,2.2,38,-1,Boulder,V0,1,15,39.27905,-111.22764
Captain Hook,Big Joe > Left Fork > Joe's Valley > Central Utah > Utah,https://www.mountainproject.com/route/125067130/captain-hook,2.0,1,-1,Boulder,V1+,1,10,39.27905,-111.22764
Lizard Toes,Big Joe > Left Fork > Joe's Valley > Central Utah > Utah,https://www.mountainproject.com/route/123107360/lizard-toes,2.3,3,-1,Boulder,V2,1,10,39.27905,-111.22764
Techno Beat,Big Joe > Left Fork > Joe's Valley > Central Utah > Utah,https://www.mountainproject.com/route/105938357/techno-beat,2.6,39,-1,Boulder,V4,1,10,39.27905,-111.22764
Bobcat in the Kiparoo,Big Joe > Left Fork > Joe's Valley > Central Utah > Utah,https://www.mountainproject.com/route/107503043/bobcat-in-the-kiparoo,3.0,151,-1,Boulder,V4,1,,39.27905,-111.22764
Scary Monsters,Big Joe > Left Fork > Joe's Valley > Central Utah > Utah,https://www.mountainproject.com/route/105880771/scary-monsters,3.5,102,-1,Boulder,V6,1,15,39.27905,-111.22764
The Red Yoshi,Big Joe > Left Fork > Joe's Valley > Central Utah > Utah,https://www.mountainproject.com/route/123229586/the-red-yoshi,3.0,1,-1,Boulder,V6,1,10,39.27905,-111.22764
Big Joe,Big Joe > Left Fork > Joe's Valley > Central Utah > Utah,https://www.mountainproject.com/route/105880668/big-joe,2.8,152,-1,Boulder,V7,1,,39.27905,-111.22764
Smokin' Joe,Big Joe > Left Fork > Joe's Valley > Central Utah > Utah,https://www.mountainproject.com/route/105880673/smokin-joe,2.8,26,-1,Boulder,V9,1,,39.27905,-111.22764
The Knocking Room,Big Joe > Left Fork > Joe's Valley > Central Utah > Utah,https://www.mountainproject.com/route/106318949/the-knocking-room,3.0,1,-1,Boulder,V9,1,12,39.27905,-111.22764
[Redacted],Big Joe > Left Fork > Joe's Valley > Central Utah > Utah,https://www.mountainproject.com/route/107887573/redacted,2.6,5,-1,Boulder,V9,1,,39.27905,-111.22764
Nerve Extension,Big Joe > Left Fork > Joe's Valley > Central Utah > Utah,https://www.mountainproject.com/route/105880677/nerve-extension,2.9,42,-1,Boulder,V10-,1,,39.27905,-111.22764
Provo Gluru,Big Joe > Left Fork > Joe's Valley > Central Utah > Utah,https://www.mountainproject.com/route/107177317/provo-gluru,2.3,3,-1,Boulder,V10,1,10,39.27905,-111.22764
Prophet in a Ditch,Big Joe > Left Fork > Joe's Valley > Central Utah > Utah,https://www.mountainproject.com/route/107177339/prophet-in-a-ditch,2.2,5,-1,Boulder,V10,1,8,39.27905,-111.22764
"Weed, Whiskey and Women",Big Joe > Left Fork > Joe's Valley > Central Utah > Utah,https://www.mountainproject.com/route/108071148/weed-whiskey-and-women,3.0,4,-1,Boulder,V11,1,30,39.27905,-111.22764
"Weed, Whiskey and Women 2",Big Joe > Left Fork > Joe's Valley > Central Utah > Utah,https://www.mountainproject.com/route/113249577/weed-whiskey-and-women-2,3.2,5,-1,Boulder,V11,1,,39.27905,-111.22764
Big Joe Left,Big Joe > Left Fork > Joe's Valley > Central Utah > Utah,https://www.mountainproject.com/route/123450111/big-joe-left,3.0,1,-1,Boulder,V11,1,20,39.27905,-111.22764
America's Playground,Right Sign Area > Left Fork > Joe's Valley > Central Utah > Utah,https://www.mountainproject.com/route/111849832/americas-playground,3.6,128,-1,Boulder,V1-2,1,25,39.27583,-111.22354
Shadow of Death,Right Sign Area > Left Fork > Joe's Valley > Central Utah > Utah,https://www.mountainproject.com/route/106744594/shadow-of-death,3.0,88,-1,Boulder,V5,1,,39.27583,-111.22354
Wills Of Fire,Right Sign Area > Left Fork > Joe's Valley > Central Utah > Utah,https://www.mountainproject.com/route/105880494/wills-of-fire,3.9,499,-1,Boulder,V6,1,,39.27583,-111.22354
Two Towers,Right Sign Area > Left Fork > Joe's Valley > Central Utah > Utah,https://www.mountainproject.com/route/109685743/two-towers,2.0,6,-1,Boulder,V6,1,,39.27583,-111.22354
Sunshine Day Dream,Right Sign Area > Left Fork > Joe's Valley > Central Utah > Utah,https://www.mountainproject.com/route/108742433/sunshine-day-dream,3.5,183,-1,Boulder,V7-,1,12,39.27583,-111.22354
Mr. Duck,Right Sign Area > Left Fork > Joe's Valley > Central Utah > Utah,https://www.mountainproject.com/route/108741246/mr-duck,3.4,73,-1,Boulder,V7,1,12,39.27583,-111.22354
Shadow of Death Sit,Right Sign Area > Left Fork > Joe's Valley > Central Utah > Utah,https://www.mountainproject.com/route/123232343/shadow-of-death-sit,2.5,11,-1,Boulder,V7,1,,39.27583,-111.22354
They Call Him Jordan,Right Sign Area > Left Fork > Joe's Valley > Central Utah > Utah,https://www.mountainproject.com/route/105880474/they-call-him-jordan,3.6,36,-1,Boulder,V8,1,,39.27583,-111.22354
Lumberjack,Right Sign Area > Left Fork > Joe's Valley > Central Utah > Utah,https://www.mountainproject.com/route/106582620/lumberjack,3.9,27,-1,Boulder,V8,1,15,39.27583,-111.22354
Tubesnake Boogie,Right Sign Area > Left Fork > Joe's Valley > Central Utah > Utah,https://www.mountainproject.com/route/112170045/tubesnake-boogie,3.7,98,-1,Boulder,V8,1,20,39.27583,-111.22354
Snaggle Tooth,Right Sign Area > Left Fork > Joe's Valley > Central Utah > Utah,https://www.mountainproject.com/route/123216670/snaggle-tooth,3.2,13,-1,Boulder,V8-9,1,6,39.27583,-111.22354
Godsend,Right Sign Area > Left Fork > Joe's Valley > Central Utah > Utah,https://www.mountainproject.com/route/120414605/godsend,4.0,11,-1,Boulder,V9,1,15,39.27583,-111.22354
Worst Case Scenario,Right Sign Area > Left Fork > Joe's Valley > Central Utah > Utah,https://www.mountainproject.com/route/106390943/worst-case-scenario,3.7,84,-1,Boulder,V9 PG13,1,15,39.27583,-111.22354
Beyond Life,Right Sign Area > Left Fork > Joe's Valley > Central Utah > Utah,https://www.mountainproject.com/route/105880501/beyond-life,3.9,32,-1,Boulder,V10,1,,39.27583,-111.22354
We Call Him Michael,Right Sign Area > Left Fork > Joe's Valley > Central Utah > Utah,https://www.mountainproject.com/route/123450128/we-call-him-michael,3.0,1,-1,Boulder,V10-11,1,15,39.27583,-111.22354
Kill List,Right Sign Area > Left Fork > Joe's Valley > Central Utah > Utah,https://www.mountainproject.com/route/120467417/kill-list,4.0,1,-1,Boulder,V11 PG13,1,25,39.27583,-111.22354
Pagan Poetry,Right Sign Area > Left Fork > Joe's Valley > Central Utah > Utah,https://www.mountainproject.com/route/119687043/pagan-poetry,3.4,10,-1,Boulder,V11+,1,12,39.27583,-111.22354
Beyond Life (Sit),Right Sign Area > Left Fork > Joe's Valley > Central Utah > Utah,https://www.mountainproject.com/route/107385216/beyond-life-sit,4.0,5,-1,Boulder,V12,1,15,39.27583,-111.22354
Downclimb,Crack Boulder > Left Fork > Joe's Valley > Central Utah > Utah,https://www.mountainproject.com/route/106148388/downclimb,1.1,52,-1,Boulder,V-easy,1,,39.27402,-111.19141
Fist Crack,Crack Boulder > Left Fork > Joe's Valley > Central Utah > Utah,https://www.mountainproject.com/route/106148408/fist-crack,3.1,257,-1,Boulder,5.7 V0+,1,,39.27402,-111.19141
Trim that Bush,Crack Boulder > Left Fork > Joe's Valley > Central Utah > Utah,https://www.mountainproject.com/route/106148479/trim-that-bush,1.6,31,-1,Boulder,V1,1,,39.27402,-111.19141
Northeast Arete,Crack Boulder > Left Fork > Joe's Valley > Central Utah > Utah,https://www.mountainproject.com/route/106148421/northeast-arete,2.0,59,-1,Boulder,V2,1,,39.27402,-111.19141
Hand Crack,Crack Boulder > Left Fork > Joe's Valley > Central Utah > Utah,https://www.mountainproject.com/route/106148465/hand-crack,2.8,156,-1,Boulder,5.9+ V2,1,20,39.27402,-111.19141
Wash Out,Crack Boulder > Left Fork > Joe's Valley > Central Utah > Utah,https://www.mountainproject.com/route/106148445/wash-out,2.5,184,-1,Boulder,V2+,1,20,39.27402,-111.19141
Lanky,Crack Boulder > Left Fork > Joe's Valley > Central Utah > Utah,https://www.mountainproject.com/route/106148394/lanky,2.8,134,-1,Boulder,V3,1,,39.27402,-111.19141
Beer Belly,Crack Boulder > Left Fork > Joe's Valley > Central Utah > Utah,https://www.mountainproject.com/route/106148416/beer-belly,2.8,95,-1,Boulder,V3,1,,39.27402,-111.19141
Dirt and Grime,Crack Boulder > Left Fork > Joe's Valley > Central Utah > Utah,https://www.mountainproject.com/route/106148456/dirt-and-grime,2.6,180,-1,Boulder,V3,1,,39.27402,-111.19141
Lizard King,Crack Boulder > Left Fork > Joe's Valley > Central Utah > Utah,https://www.mountainproject.com/route/112476260/lizard-king,2.3,6,-1,Boulder,V5,1,,39.27402,-111.19141
Kolob,Trent's Mom Boulder > Left Fork > Joe's Valley > Central Utah > Utah,https://www.mountainproject.com/route/111298879/kolob,2.6,5,-1,Boulder,V4,1,20,39.27518,-111.22269
Plan 9 From Outer Space,Trent's Mom Boulder > Left Fork > Joe's Valley > Central Utah > Utah,https://www.mountainproject.com/route/106947447/plan-9-from-outer-space,3.3,11,-1,Boulder,V4,1,15,39.27518,-111.22269
Right of AFP,Trent's Mom Boulder > Left Fork > Joe's Valley > Central Utah > Utah,https://www.mountainproject.com/route/121304023/right-of-afp,3.0,6,-1,Boulder,V6,1,15,39.27518,-111.22269
Anti-Future Plan,Trent's Mom Boulder > Left Fork > Joe's Valley > Central Utah > Utah,https://www.mountainproject.com/route/106314253/anti-future-plan,3.8,13,-1,Boulder,V8,1,15,39.27518,-111.22269
Trent's Mom,Trent's Mom Boulder > Left Fork > Joe's Valley > Central Utah > Utah,https://www.mountainproject.com/route/106510866/trents-mom,4.0,10,-1,Boulder,V10,1,18,39.27518,-111.22269
Cryptobiotic,Power Line Area > Left Fork > Joe's Valley > Central Utah > Utah,https://www.mountainproject.com/route/107599849/cryptobiotic,2.5,2,-1,Boulder,V2,1,8,39.27496,-111.20853
The Wind Below,Power Line Area > Left Fork > Joe's Valley > Central Utah > Utah,https://www.mountainproject.com/route/106396745/the-wind-below,4.0,78,-1,Boulder,V7,1,23,39.27496,-111.20853
Man From The Past,Power Line Area > Left Fork > Joe's Valley > Central Utah > Utah,https://www.mountainproject.com/route/106416687/man-from-the-past,3.3,6,-1,Boulder,V11,1,18,39.27496,-111.20853
Big Red,The Sandbox > Left Fork > Joe's Valley > Central Utah > Utah,https://www.mountainproject.com/route/108097727/big-red,1.6,9,-1,Boulder,V2-,1,15,39.27821,-111.22632
Ring Worm,The Sandbox > Left Fork > Joe's Valley > Central Utah > Utah,https://www.mountainproject.com/route/108100329/ring-worm,2.3,10,-1,Boulder,V5,1,10,39.27821,-111.22632
Tape Worm,The Sandbox > Left Fork > Joe's Valley > Central Utah > Utah,https://www.mountainproject.com/route/108100336/tape-worm,2.6,8,-1,Boulder,V5,1,12,39.27821,-111.22632
Glow Worm,The Sandbox > Left Fork > Joe's Valley > Central Utah > Utah,https://www.mountainproject.com/route/108100319/glow-worm,2.4,33,-1,Boulder,V6,1,12,39.27821,-111.22632
Mama Worm,The Sandbox > Left Fork > Joe's Valley > Central Utah > Utah,https://www.mountainproject.com/route/108100323/mama-worm,2.6,19,-1,Boulder,V7,1,10,39.27821,-111.22632
Worm Turns,The Sandbox > Left Fork > Joe's Valley > Central Utah > Utah,https://www.mountainproject.com/route/106497922/worm-turns,3.7,26,-1,Boulder,V11 PG13,1,15,39.27821,-111.22632
Save Yourself,Eden Boulder > Eden > Left Fork > Joe's Valley > Central Utah > Utah,https://www.mountainproject.com/route/106538630/save-yourself,3.4,31,-1,Boulder,V7,1,15,39.27631,-111.22448
Anatomy Act,Eden Boulder > Eden > Left Fork > Joe's Valley > Central Utah > Utah,https://www.mountainproject.com/route/108386427/anatomy-act,2.7,31,-1,Boulder,V7,1,12,39.27631,-111.22448
Save Yourself SDS,Eden Boulder > Eden > Left Fork > Joe's Valley > Central Utah > Utah,https://www.mountainproject.com/route/120044142/save-yourself-sds,3.3,6,-1,Boulder,V8,1,15,39.27631,-111.22448
Eden,Eden Boulder > Eden > Left Fork > Joe's Valley > Central Utah > Utah,https://www.mountainproject.com/route/106542588/eden,4.0,27,-1,Boulder,V10,1,15,39.27631,-111.22448
Near Beers,Heat Wall > Eden > Left Fork > Joe's Valley > Central Utah > Utah,https://www.mountainproject.com/route/107338152/near-beers,2.5,75,-1,Boulder,V5,1,,39.27711,-111.22499
Nearly Swole,Heat Wall > Eden > Left Fork > Joe's Valley > Central Utah > Utah,https://www.mountainproject.com/route/120436420/nearly-swole,2.8,10,-1,Boulder,V6,1,12,39.27711,-111.22499
Bring the Heatwole,Heat Wall > Eden > Left Fork > Joe's Valley > Central Utah > Utah,https://www.mountainproject.com/route/106594699/bring-the-heatwole,3.7,189,-1,Boulder,V7,1,10,39.27711,-111.22499
Tribal Dance,Eden II > Eden > Left Fork > Joe's Valley > Central Utah > Utah,https://www.mountainproject.com/route/118050693/tribal-dance,2.7,17,-1,Boulder,V3-,1,,39.27745,-111.22498
Indian Steps,Eden II > Eden > Left Fork > Joe's Valley > Central Utah > Utah,https://www.mountainproject.com/route/114079896/indian-steps,3.2,88,-1,Boulder,V4-,1,12,39.27745,-111.22498
G207,Eden II > Eden > Left Fork > Joe's Valley > Central Utah > Utah,https://www.mountainproject.com/route/107079709/g207,3.4,102,-1,Boulder,V7 PG13,1,,39.27745,-111.22498
Claire Emmanulle,Claire Emmanulle > Eden > Left Fork > Joe's Valley > Central Utah > Utah,https://www.mountainproject.com/route/107609890/claire-emmanulle,2.5,2,-1,Boulder,V1 R,1,,39.28498,-111.20722
Arma,External Tulips > Eden > Left Fork > Joe's Valley > Central Utah > Utah,https://www.mountainproject.com/route/111719084/arma,2.5,38,-1,Boulder,V5-6,1,,39.27702,-111.22476
External Tulips,External Tulips > Eden > Left Fork > Joe's Valley > Central Utah > Utah,https://www.mountainproject.com/route/111719090/external-tulips,2.4,34,-1,Boulder,V7,1,,39.27702,-111.22476
Upper Base Camp,8 Mile Area > Left Fork > Joe's Valley > Central Utah > Utah,https://www.mountainproject.com/route/127049993/upper-base-camp,1.5,2,-1,Boulder,V0,1,,39.27472,-111.21383
Hilary Step,8 Mile Area > Left Fork > Joe's Valley > Central Utah > Utah,https://www.mountainproject.com/route/127049880/hilary-step,2.0,2,-1,Boulder,V2,1,10,39.27472,-111.21383
Base Camp,8 Mile Area > Left Fork > Joe's Valley > Central Utah > Utah,https://www.mountainproject.com/route/127049909/base-camp,2.0,2,-1,Boulder,V2-3,1,,39.27472,-111.21383
Mont Blanc,8 Mile Area > Left Fork > Joe's Valley > Central Utah > Utah,https://www.mountainproject.com/route/127049894/mont-blanc,2.0,2,-1,Boulder,V3,1,9,39.27472,-111.21383
Matterhorn,8 Mile Area > Left Fork > Joe's Valley > Central Utah > Utah,https://www.mountainproject.com/route/125159357/matterhorn,2.8,25,-1,Boulder,V4,1,10,39.27472,-111.21383
Mom's Spaghetti,8 Mile Area > Left Fork > Joe's Valley > Central Utah > Utah,https://www.mountainproject.com/route/125998110/moms-spaghetti,3.0,1,-1,Boulder,V4 PG13,1,15,39.27472,-111.21383
Toy Piano,8 Mile Area > Left Fork > Joe's Valley > Central Utah > Utah,https://www.mountainproject.com/route/118775575/toy-piano,2.3,3,-1,Boulder,V4-5,1,12,39.27472,-111.21383
Everest (aka Sagarmatha),8 Mile Area > Left Fork > Joe's Valley > Central Utah > Utah,https://www.mountainproject.com/route/125141442/everest-aka-sagarmatha,3.7,68,-1,Boulder,V5,1,10,39.27472,-111.21383
Heartless,8 Mile Area > Left Fork > Joe's Valley > Central Utah > Utah,https://www.mountainproject.com/route/120453913/heartless,3.8,66,-1,Boulder,V6,1,15,39.27472,-111.21383
Almost a Hero,8 Mile Area > Left Fork > Joe's Valley > Central Utah > Utah,https://www.mountainproject.com/route/124191863/almost-a-hero,2.5,2,-1,Boulder,V6,1,10,39.27472,-111.21383
Heartbreaker,8 Mile Area > Left Fork > Joe's Valley > Central Utah > Utah,https://www.mountainproject.com/route/124074543/heartbreaker,3.0,1,-1,Boulder,V6-7,1,15,39.27472,-111.21383
Dark Continent,8 Mile Area > Left Fork > Joe's Valley > Central Utah > Utah,https://www.mountainproject.com/route/106590670/dark-continent,3.1,28,-1,Boulder,V7,1,12,39.27472,-111.21383
8 Mile Arete,8 Mile Area > Left Fork > Joe's Valley > Central Utah > Utah,https://www.mountainproject.com/route/120451627/8-mile-arete,4.0,9,-1,Boulder,V8,1,15,39.27472,-111.21383
Black Sea aka The Dead Sea,8 Mile Area > Left Fork > Joe's Valley > Central Utah > Utah,https://www.mountainproject.com/route/108983050/black-sea-aka-the-dead-sea,3.8,81,-1,Boulder,V8,1,15,39.27472,-111.21383
Gurkha Knife,8 Mile Area > Left Fork > Joe's Valley > Central Utah > Utah,https://www.mountainproject.com/route/106588174/gurkha-knife,3.6,32,-1,Boulder,V9,1,15,39.27472,-111.21383
Big Crimpin,8 Mile Area > Left Fork > Joe's Valley > Central Utah > Utah,https://www.mountainproject.com/route/123394489/big-crimpin,3.0,4,-1,Boulder,V10+,1,15,39.27472,-111.21383
Moment of Truth,The Gully > Left Fork > Joe's Valley > Central Utah > Utah,https://www.mountainproject.com/route/106594732/moment-of-truth,3.5,2,-1,Boulder,V10,1,10,39.27496,-111.20853
The Obelisk,Sleeper Area > Left Fork > Joe's Valley > Central Utah > Utah,https://www.mountainproject.com/route/106732905/the-obelisk,3.3,8,-1,Boulder,V9 PG13,1,15,39.27495,-111.20995
Groundation,Sleeper Area > Left Fork > Joe's Valley > Central Utah > Utah,https://www.mountainproject.com/route/106732912/groundation,3.5,2,-1,Boulder,V9 PG13,1,15,39.27495,-111.20995
The Black Dahlia,Sleeper Area > Left Fork > Joe's Valley > Central Utah > Utah,https://www.mountainproject.com/route/106732886/the-black-dahlia,4.0,4,-1,Boulder,V10,1,15,39.27495,-111.20995
Surfs Up,Mine Cart Area > Left Fork > Joe's Valley > Central Utah > Utah,https://www.mountainproject.com/route/107185346/surfs-up,2.4,153,-1,Boulder,V1-,1,10,39.27542,-111.20602
Trough Times (aka Fat Cat),Mine Cart Area > Left Fork > Joe's Valley > Central Utah > Utah,https://www.mountainproject.com/route/200836475/trough-times-aka-fat-cat,1.0,1,-1,Boulder,V1 PG13,1,12,39.27542,-111.20602
Rip Current,Mine Cart Area > Left Fork > Joe's Valley > Central Utah > Utah,https://www.mountainproject.com/route/107185324/rip-current,1.9,102,-1,Boulder,V1-2,1,12,39.27542,-111.20602
The Crest,Mine Cart Area > Left Fork > Joe's Valley > Central Utah > Utah,https://www.mountainproject.com/route/107185342/the-crest,2.0,148,-1,Boulder,V2,1,10,39.27542,-111.20602
Unknown,Mine Cart Area > Left Fork > Joe's Valley > Central Utah > Utah,https://www.mountainproject.com/route/109478676/unknown,2.1,32,-1,Boulder,V2,1,,39.27542,-111.20602
Pokemon,Mine Cart Area > Left Fork > Joe's Valley > Central Utah > Utah,https://www.mountainproject.com/route/118043458/pokemon,2.7,43,-1,Boulder,V2,1,,39.27542,-111.20602
Preaching to the Choir,Mine Cart Area > Left Fork > Joe's Valley > Central Utah > Utah,https://www.mountainproject.com/route/125410076/preaching-to-the-choir,3.0,1,-1,Boulder,V2,1,10,39.27542,-111.20602
Lump of Coal,Mine Cart Area > Left Fork > Joe's Valley > Central Utah > Utah,https://www.mountainproject.com/route/126013183/lump-of-coal,2.0,2,-1,Boulder,V2,1,10,39.27542,-111.20602
Heat of the Moment,Mine Cart Area > Left Fork > Joe's Valley > Central Utah > Utah,https://www.mountainproject.com/route/126018357/heat-of-the-moment,3.0,1,-1,Boulder,V2,1,,39.27542,-111.20602
Mine Craft,Mine Cart Area > Left Fork > Joe's Valley > Central Utah > Utah,https://www.mountainproject.com/route/126018329/mine-craft,2.0,1,-1,Boulder,V3,1,,39.27542,-111.20602
The Wave,Mine Cart Area > Left Fork > Joe's Valley > Central Utah > Utah,https://www.mountainproject.com/route/107185331/the-wave,2.8,180,-1,Boulder,V3,1,12,39.27542,-111.20602
Unknown Arete,Mine Cart Area > Left Fork > Joe's Valley > Central Utah > Utah,https://www.mountainproject.com/route/121639608/unknown-arete,2.4,18,-1,Boulder,V4,1,8,39.27542,-111.20602
Unknown,Mine Cart Area > Left Fork > Joe's Valley > Central Utah > Utah,https://www.mountainproject.com/route/121639629/unknown,2.0,1,-1,Boulder,V4,1,12,39.27542,-111.20602
Left for Dead,Mine Cart Area > Left Fork > Joe's Valley > Central Utah > Utah,https://www.mountainproject.com/route/123232260/left-for-dead,2.7,22,-1,Boulder,V4,1,,39.27542,-111.20602
Kill by Numbers Early Exit,Mine Cart Area > Left Fork > Joe's Valley > Central Utah > Utah,https://www.mountainproject.com/route/123232278/kill-by-numbers-early-exit,2.4,7,-1,Boulder,V4,1,,39.27542,-111.20602
Sharp Shooter,Mine Cart Area > Left Fork > Joe's Valley > Central Utah > Utah,https://www.mountainproject.com/route/125195471/sharp-shooter,2.7,21,-1,Boulder,V5,1,10,39.27542,-111.20602
Preaching to the Choir Sit,Mine Cart Area > Left Fork > Joe's Valley > Central Utah > Utah,https://www.mountainproject.com/route/125410007/preaching-to-the-choir-sit,2.0,1,-1,Boulder,V5,1,10,39.27542,-111.20602
Kill by Numbers,Mine Cart Area > Left Fork > Joe's Valley > Central Utah > Utah,https://www.mountainproject.com/route/107185361/kill-by-numbers,3.7,609,-1,Boulder,V5,1,8,39.27542,-111.20602
Pretty Coald,Mine Cart Area > Left Fork > Joe's Valley > Central Utah > Utah,https://www.mountainproject.com/route/200617493/pretty-coald,2.0,1,-1,Boulder,V6,1,12,39.27542,-111.20602
Streaked,Mine Cart Area > Left Fork > Joe's Valley > Central Utah > Utah,https://www.mountainproject.com/route/107185368/streaked,3.0,30,-1,Boulder,V7,1,15,39.27542,-111.20602
Coal Mind,Mine Cart Area > Left Fork > Joe's Valley > Central Utah > Utah,https://www.mountainproject.com/route/107918180/coal-mind,2.9,29,-1,Boulder,V7,1,15,39.27542,-111.20602
Egg in a Nest,Mine Cart Area > Left Fork > Joe's Valley > Central Utah > Utah,https://www.mountainproject.com/route/124144364/egg-in-a-nest,2.3,3,-1,Boulder,V7,1,,39.27542,-111.20602
Diamond Mind,Mine Cart Area > Left Fork > Joe's Valley > Central Utah > Utah,https://www.mountainproject.com/route/124144418/diamond-mind,3.0,2,-1,Boulder,V8,1,,39.27542,-111.20602
Heart of Coal,Mine Cart Area > Left Fork > Joe's Valley > Central Utah > Utah,https://www.mountainproject.com/route/124144437/heart-of-coal,2.0,1,-1,Boulder,V8,1,,39.27542,-111.20602
Soot of the Earth,Mine Cart Area > Left Fork > Joe's Valley > Central Utah > Utah,https://www.mountainproject.com/route/124144389/soot-of-the-earth,4.0,1,-1,Boulder,V9,1,,39.27542,-111.20602
Coal Mind Sit,Mine Cart Area > Left Fork > Joe's Valley > Central Utah > Utah,https://www.mountainproject.com/route/120437506/coal-mind-sit,3.0,3,-1,Boulder,V10,1,15,39.27542,-111.20602
Egg in a Nest Sit,Mine Cart Area > Left Fork > Joe's Valley > Central Utah > Utah,https://www.mountainproject.com/route/124144476/egg-in-a-nest-sit,3.0,2,-1,Boulder,V10,1,,39.27542,-111.20602
Heart of Coal Sit,Mine Cart Area > Left Fork > Joe's Valley > Central Utah > Utah,https://www.mountainproject.com/route/124144461/heart-of-coal-sit,2.0,1,-1,Boulder,V10-11,1,,39.27542,-111.20602
Diamond Mind Sit,Mine Cart Area > Left Fork > Joe's Valley > Central Utah > Utah,https://www.mountainproject.com/route/124144493/diamond-mind-sit,3.0,1,-1,Boulder,V11,1,,39.27542,-111.20602
Spook Eye,Halloween Town > Left Fork > Joe's Valley > Central Utah > Utah,https://www.mountainproject.com/route/117933009/spook-eye,2.8,5,-1,Boulder,V2,1,15,39.2719,-111.19439
Pockadoodle,Halloween Town > Left Fork > Joe's Valley > Central Utah > Utah,https://www.mountainproject.com/route/108983003/pockadoodle,3.0,24,-1,Boulder,V2-3,1,11,39.2719,-111.19439
Kobra Khan,Halloween Town > Left Fork > Joe's Valley > Central Utah > Utah,https://www.mountainproject.com/route/113748359/kobra-khan,4.0,202,-1,Boulder,V4,1,20,39.2719,-111.19439
The Minimalist,Halloween Town > Left Fork > Joe's Valley > Central Utah > Utah,https://www.mountainproject.com/route/108089609/the-minimalist,3.0,1,-1,Boulder,V6,1,15,39.2719,-111.19439
Crane Kick,Halloween Town > Left Fork > Joe's Valley > Central Utah > Utah,https://www.mountainproject.com/route/200771922/crane-kick,3.0,2,-1,Boulder,V6,1,,39.2719,-111.19439
Superman,Halloween Town > Left Fork > Joe's Valley > Central Utah > Utah,https://www.mountainproject.com/route/114271517/superman,4.0,20,-1,Boulder,V10,1,18,39.2719,-111.19439
The Kraken,Raiden Area > Left Fork > Joe's Valley > Central Utah > Utah,https://www.mountainproject.com/route/108172499/the-kraken,3.6,37,-1,Boulder,V4 R,1,35,39.2818,-111.23203
Grateful Dead,Raiden Area > Left Fork > Joe's Valley > Central Utah > Utah,https://www.mountainproject.com/route/108172519/grateful-dead,2.8,14,-1,Boulder,V4,1,15,39.2818,-111.23203
Big Cheesy,Raiden Area > Left Fork > Joe's Valley > Central Utah > Utah,https://www.mountainproject.com/route/108983014/big-cheesy,2.8,53,-1,Boulder,V5,1,10,39.2818,-111.23203
Titan,Raiden Area > Left Fork > Joe's Valley > Central Utah > Utah,https://www.mountainproject.com/route/118875588/titan,2.7,6,-1,Boulder,V5,1,15,39.2818,-111.23203
Alific,Raiden Area > Left Fork > Joe's Valley > Central Utah > Utah,https://www.mountainproject.com/route/125751018/alific,3.0,1,-1,Boulder,V5,1,10,39.2818,-111.23203
Dunkin' Donuts Variation,Raiden Area > Left Fork > Joe's Valley > Central Utah > Utah,https://www.mountainproject.com/route/127342426/dunkin-donuts-variation,2.0,3,-1,Boulder,V6,1,,39.2818,-111.23203
Nonfat Milk,Raiden Area > Left Fork > Joe's Valley > Central Utah > Utah,https://www.mountainproject.com/route/109008503/nonfat-milk,2.5,19,-1,Boulder,V6,1,15,39.2818,-111.23203
Raiden,Raiden Area > Left Fork > Joe's Valley > Central Utah > Utah,https://www.mountainproject.com/route/108682613/raiden,3.5,44,-1,Boulder,V6+,1,10,39.2818,-111.23203
Reduced Fat Milk,Raiden Area > Left Fork > Joe's Valley > Central Utah > Utah,https://www.mountainproject.com/route/109008614/reduced-fat-milk,3.1,22,-1,Boulder,V7,1,14,39.2818,-111.23203
Kane,Raiden Area > Left Fork > Joe's Valley > Central Utah > Utah,https://www.mountainproject.com/route/110213398/kane,2.7,6,-1,Boulder,V7,1,10,39.2818,-111.23203
Dunkin' Donuts (Direct),Raiden Area > Left Fork > Joe's Valley > Central Utah > Utah,https://www.mountainproject.com/route/109008454/dunkin-donuts-direct,2.6,18,-1,Boulder,V7-8,1,13,39.2818,-111.23203
Brain in a Jar,Raiden Area > Left Fork > Joe's Valley > Central Utah > Utah,https://www.mountainproject.com/route/120160553/brain-in-a-jar,3.0,1,-1,Boulder,V7-8,1,,39.2818,-111.23203
Dunn Woody,Raiden Area > Left Fork > Joe's Valley > Central Utah > Utah,https://www.mountainproject.com/route/109008485/dunn-woody,2.1,14,-1,Boulder,V8,1,10,39.2818,-111.23203
Taking the Stairs,Raiden Area > Left Fork > Joe's Valley > Central Utah > Utah,https://www.mountainproject.com/route/108790993/taking-the-stairs,3.0,22,-1,Boulder,V9-,1,10,39.2818,-111.23203
Whiteout,Raiden Area > Left Fork > Joe's Valley > Central Utah > Utah,https://www.mountainproject.com/route/123987484/whiteout,2.5,4,-1,Boulder,V9,1,30,39.2818,-111.23203
Rhinoplasty,Road Damage > Left Fork > Joe's Valley > Central Utah > Utah,https://www.mountainproject.com/route/118108706/rhinoplasty,3.0,1,-1,Boulder,V6-7,1,12,39.28346,-111.23441
Blue Lambo,Road Damage > Left Fork > Joe's Valley > Central Utah > Utah,https://www.mountainproject.com/route/108783151/blue-lambo,3.1,14,-1,Boulder,V7,1,12,39.28346,-111.23441
Tugboat Complex,Road Damage > Left Fork > Joe's Valley > Central Utah > Utah,https://www.mountainproject.com/route/108783185/tugboat-complex,3.1,18,-1,Boulder,V8,1,12,39.28346,-111.23441
HeMayne,Road Damage > Left Fork > Joe's Valley > Central Utah > Utah,https://www.mountainproject.com/route/108783201/hemayne,2.0,3,-1,Boulder,V9,1,8,39.28346,-111.23441
Beach Bod,Vendetta Area > Left Fork > Joe's Valley > Central Utah > Utah,https://www.mountainproject.com/route/111838097/beach-bod,1.7,3,-1,Boulder,V4,1,,39.27327,-111.20377
Vendetta,Vendetta Area > Left Fork > Joe's Valley > Central Utah > Utah,https://www.mountainproject.com/route/109361274/vendetta,4.0,3,-1,Boulder,V7 PG13,1,16,39.27327,-111.20377
The Beach,Vendetta Area > Left Fork > Joe's Valley > Central Utah > Utah,https://www.mountainproject.com/route/111838084/the-beach,1.0,2,-1,Boulder,V7,1,10,39.27327,-111.20377
Straight Jacket,Nerf Wall > Damn Boulders > Left Fork > Joe's Valley > Central Utah > Utah,https://www.mountainproject.com/route/123288541/straight-jacket,2.0,2,-1,Boulder,V2,1,8,39.2747,-111.1865
Nerf or Nothing,Nerf Wall > Damn Boulders > Left Fork > Joe's Valley > Central Utah > Utah,https://www.mountainproject.com/route/109614667/nerf-or-nothing,2.8,35,-1,Boulder,V4,1,15,39.2747,-111.1865
Wax or Wane,Nerf Wall > Damn Boulders > Left Fork > Joe's Valley > Central Utah > Utah,https://www.mountainproject.com/route/109614683/wax-or-wane,3.5,34,-1,Boulder,V4,1,15,39.2747,-111.1865
Pommel Horse,Nerf Wall > Damn Boulders > Left Fork > Joe's Valley > Central Utah > Utah,https://www.mountainproject.com/route/114140105/pommel-horse,2.8,5,-1,Boulder,V4,1,12,39.2747,-111.1865
Dark Side of the Moon,Nerf Wall > Damn Boulders > Left Fork > Joe's Valley > Central Utah > Utah,https://www.mountainproject.com/route/109614827/dark-side-of-the-moon,3.8,34,-1,Boulder,V5,1,18,39.2747,-111.1865
First Impressions,Nerf Wall > Damn Boulders > Left Fork > Joe's Valley > Central Utah > Utah,https://www.mountainproject.com/route/109616831/first-impressions,2.0,2,-1,Boulder,V7,1,18,39.2747,-111.1865
Guppy,Nerf Wall > Damn Boulders > Left Fork > Joe's Valley > Central Utah > Utah,https://www.mountainproject.com/route/114140121/guppy,3.4,19,-1,Boulder,V7,1,9,39.2747,-111.1865
Pleasant Valley,Nerf Wall > Damn Boulders > Left Fork > Joe's Valley > Central Utah > Utah,https://www.mountainproject.com/route/114140136/pleasant-valley,2.9,14,-1,Boulder,V7,1,,39.2747,-111.1865
Wrecking Ball,Nerf Wall > Damn Boulders > Left Fork > Joe's Valley > Central Utah > Utah,https://www.mountainproject.com/route/121320492/wrecking-ball,2.7,3,-1,Boulder,V8,1,8,39.2747,-111.1865
Point Break,Nerf Wall > Damn Boulders > Left Fork > Joe's Valley > Central Utah > Utah,https://www.mountainproject.com/route/114140127/point-break,4.0,4,-1,Boulder,V8-9,1,13,39.2747,-111.1865
Skeleton Key,Lonesome Animals > Damn Boulders > Left Fork > Joe's Valley > Central Utah > Utah,https://www.mountainproject.com/route/200464971/skeleton-key,3.0,1,-1,Boulder,V11,1,15,39.27472,-111.18652
Lonesome Animals,Lonesome Animals > Damn Boulders > Left Fork > Joe's Valley > Central Utah > Utah,https://www.mountainproject.com/route/120484690/lonesome-animals,4.0,3,-1,Boulder,V12,1,15,39.27472,-111.18652
A River Runs Through It,A River Runs Through It > Left Fork > Joe's Valley > Central Utah > Utah,https://www.mountainproject.com/route/110021367/a-river-runs-through-it,3.3,26,-1,Boulder,V7,1,12,39.28995,-111.25585
Cecelia,A River Runs Through It > Left Fork > Joe's Valley > Central Utah > Utah,https://www.mountainproject.com/route/115343534/cecelia,4.0,1,-1,Boulder,V10,1,15,39.28995,-111.25585
Arrowhead Slab,Prince of Thieves > Left Fork > Joe's Valley > Central Utah > Utah,https://www.mountainproject.com/route/111217422/arrowhead-slab,2.3,3,-1,Boulder,V4,1,15,39.27291,-111.20019
Live by Letters,Prince of Thieves > Left Fork > Joe's Valley > Central Utah > Utah,https://www.mountainproject.com/route/127068910/live-by-letters,3.3,3,-1,Boulder,V5,1,8,39.27291,-111.20019
Prince of Thieves,Prince of Thieves > Left Fork > Joe's Valley > Central Utah > Utah,https://www.mountainproject.com/route/119984195/prince-of-thieves,3.8,5,-1,Boulder,V11 R,1,20,39.27291,-111.20019
Jarash,Blackout > Left Fork > Joe's Valley > Central Utah > Utah,https://www.mountainproject.com/route/120486768/jarash,3.4,21,-1,Boulder,V6,1,,39.28036,-111.22869
Gentlemans Project,Blackout > Left Fork > Joe's Valley > Central Utah > Utah,https://www.mountainproject.com/route/111283802/gentlemans-project,3.5,2,-1,Boulder,V11,1,,39.28036,-111.22869
King Crimson,7 Mile Marker > Left Fork > Joe's Valley > Central Utah > Utah,https://www.mountainproject.com/route/114180903/king-crimson,3.3,19,-1,Boulder,V3,1,15,39.28061,-111.23033
Heavy Hearts,7 Mile Marker > Left Fork > Joe's Valley > Central Utah > Utah,https://www.mountainproject.com/route/121487867/heavy-hearts,2.5,2,-1,Boulder,V3+,1,10,39.28061,-111.23033
Fred,7 Mile Marker > Left Fork > Joe's Valley > Central Utah > Utah,https://www.mountainproject.com/route/117826765/fred,2.2,10,-1,Boulder,V4,1,10,39.28061,-111.23033
Iron Butterfly,7 Mile Marker > Left Fork > Joe's Valley > Central Utah > Utah,https://www.mountainproject.com/route/117108593/iron-butterfly,2.9,15,-1,Boulder,V5,1,15,39.28061,-111.23033
Oblivious,7 Mile Marker > Left Fork > Joe's Valley > Central Utah > Utah,https://www.mountainproject.com/route/118045322/oblivious,1.8,6,-1,Boulder,V5,1,7,39.28061,-111.23033
Steven Farts,7 Mile Marker > Left Fork > Joe's Valley > Central Utah > Utah,https://www.mountainproject.com/route/127193200/steven-farts,3.0,1,-1,Boulder,V5,1,8,39.28061,-111.23033
Uncle,7 Mile Marker > Left Fork > Joe's Valley > Central Utah > Utah,https://www.mountainproject.com/route/117826696/uncle,2.3,8,-1,Boulder,V6,1,18,39.28061,-111.23033
Unknown,7 Mile Marker > Left Fork > Joe's Valley > Central Utah > Utah,https://www.mountainproject.com/route/121487827/unknown,2.5,2,-1,Boulder,V6,1,10,39.28061,-111.23033
Innagada Davita,7 Mile Marker > Left Fork > Joe's Valley > Central Utah > Utah,https://www.mountainproject.com/route/112832814/innagada-davita,3.4,19,-1,Boulder,V7,1,7,39.28061,-111.23033
Catalina Wine Mixer,Catalina Wine Mixer > Left Fork > Joe's Valley > Central Utah > Utah,https://www.mountainproject.com/route/114102977/catalina-wine-mixer,3.1,10,-1,Boulder,V4+,1,9,39.27584,-111.18455
Good Housekeeping,Catalina Wine Mixer > Left Fork > Joe's Valley > Central Utah > Utah,https://www.mountainproject.com/route/124177007/good-housekeeping,3.0,2,-1,Boulder,V6,1,,39.27584,-111.18455
Renaissance Man,Masterpiece > Left Fork > Joe's Valley > Central Utah > Utah,https://www.mountainproject.com/route/114341840/renaissance-man,3.9,16,-1,Boulder,V9 R,1,,39.27313,-111.17943
Round the Horn,World Cup Boulder > Left Fork > Joe's Valley > Central Utah > Utah,https://www.mountainproject.com/route/126028399/round-the-horn,3.0,2,-1,Boulder,V0,1,10,39.27426,-111.20533
To the Top,World Cup Boulder > Left Fork > Joe's Valley > Central Utah > Utah,https://www.mountainproject.com/route/126028415/to-the-top,2.7,3,-1,Boulder,V0,1,10,39.27426,-111.20533
Baby Right Round (aka Back to the Wall),World Cup Boulder > Left Fork > Joe's Valley > Central Utah > Utah,https://www.mountainproject.com/route/126027245/baby-right-round-aka-back-to-the-wall,3.3,14,-1,Boulder,V3,1,10,39.27426,-111.20533
You Spin Me Right Round (aka Twist of Fury),World Cup Boulder > Left Fork > Joe's Valley > Central Utah > Utah,https://www.mountainproject.com/route/126028021/you-spin-me-right-round-aka-twist-of-fury,3.3,19,-1,Boulder,V5,1,10,39.27426,-111.20533
Twist of Furry,World Cup Boulder > Left Fork > Joe's Valley > Central Utah > Utah,https://www.mountainproject.com/route/126035665/twist-of-furry,2.0,1,-1,Boulder,V5,1,15,39.27426,-111.20533
Mango Chili Bears,World Cup Boulder > Left Fork > Joe's Valley > Central Utah > Utah,https://www.mountainproject.com/route/200641787/mango-chili-bears,3.0,1,-1,Boulder,V6,1,15,39.27426,-111.20533
Scrawny and Brawny Downclimb,Man Size > Right Fork > Joe's Valley > Central Utah > Utah,https://www.mountainproject.com/route/108129255/scrawny-and-brawny-downclimb,1.6,9,-1,Boulder,V0,1,10,39.28916,-111.18067
Pubic Affair,Man Size > Right Fork > Joe's Valley > Central Utah > Utah,https://www.mountainproject.com/route/114225380/pubic-affair,1.5,2,-1,Boulder,V0,1,,39.28916,-111.18067
The Down Climb,Man Size > Right Fork > Joe's Valley > Central Utah > Utah,https://www.mountainproject.com/route/106721049/the-down-climb,2.5,59,-1,Boulder,V0 R,1,25,39.28916,-111.18067
Skyy,Man Size > Right Fork > Joe's Valley > Central Utah > Utah,https://www.mountainproject.com/route/107432289/skyy,1.8,76,-1,Boulder,V0,1,,39.28916,-111.18067
Unknown,Man Size > Right Fork > Joe's Valley > Central Utah > Utah,https://www.mountainproject.com/route/117920832/unknown,1.6,12,-1,Boulder,V0,1,,39.28916,-111.18067
Little Trees,Man Size > Right Fork > Joe's Valley > Central Utah > Utah,https://www.mountainproject.com/route/119585648/little-trees,1.3,4,-1,Boulder,V0,1,12,39.28916,-111.18067
Little Knives,Man Size > Right Fork > Joe's Valley > Central Utah > Utah,https://www.mountainproject.com/route/119585069/little-knives,1.8,4,-1,Boulder,V0+,1,12,39.28916,-111.18067
Black Days,Man Size > Right Fork > Joe's Valley > Central Utah > Utah,https://www.mountainproject.com/route/114225417/black-days,1.5,2,-1,Boulder,V1,1,,39.28916,-111.18067
Sheep Dip,Man Size > Right Fork > Joe's Valley > Central Utah > Utah,https://www.mountainproject.com/route/114225459/sheep-dip,1.0,1,-1,Boulder,V1,1,,39.28916,-111.18067
The Clap,Man Size > Right Fork > Joe's Valley > Central Utah > Utah,https://www.mountainproject.com/route/114225483/the-clap,1.0,1,-1,Boulder,V1,1,,39.28916,-111.18067
Canadians Finest,Man Size > Right Fork > Joe's Valley > Central Utah > Utah,https://www.mountainproject.com/route/107432279/canadians-finest,2.1,102,-1,Boulder,V1,1,,39.28916,-111.18067
Admiral Nelson,Man Size > Right Fork > Joe's Valley > Central Utah > Utah,https://www.mountainproject.com/route/107866156/admiral-nelson,3.0,162,-1,Boulder,V1-2,1,17,39.28916,-111.18067
Black Gold,Man Size > Right Fork > Joe's Valley > Central Utah > Utah,https://www.mountainproject.com/route/107176419/black-gold,2.0,57,-1,Boulder,V2,1,9,39.28916,-111.18067
Obscelete,Man Size > Right Fork > Joe's Valley > Central Utah > Utah,https://www.mountainproject.com/route/107185531/obscelete,2.8,110,-1,Boulder,V2,1,15,39.28916,-111.18067
Whiskey Sweats,Man Size > Right Fork > Joe's Valley > Central Utah > Utah,https://www.mountainproject.com/route/107432258/whiskey-sweats,1.7,93,-1,Boulder,V2,1,,39.28916,-111.18067
Humpty Dumpty,Man Size > Right Fork > Joe's Valley > Central Utah > Utah,https://www.mountainproject.com/route/120715450/humpty-dumpty,1.7,7,-1,Boulder,V2,1,4,39.28916,-111.18067
Moose Drool,Man Size > Right Fork > Joe's Valley > Central Utah > Utah,https://www.mountainproject.com/route/108129224/moose-drool,2.1,115,-1,Boulder,V2,1,12,39.28916,-111.18067
Ankle Deep in Gasoline,Man Size > Right Fork > Joe's Valley > Central Utah > Utah,https://www.mountainproject.com/route/109128082/ankle-deep-in-gasoline,3.0,73,-1,Boulder,V2,1,20,39.28916,-111.18067
Dude,Man Size > Right Fork > Joe's Valley > Central Utah > Utah,https://www.mountainproject.com/route/111716752/dude,2.5,13,-1,Boulder,V2,1,14,39.28916,-111.18067
Michelangelo,Man Size > Right Fork > Joe's Valley > Central Utah > Utah,https://www.mountainproject.com/route/106309689/michelangelo,3.8,160,-1,Boulder,V3 R,1,20,39.28916,-111.18067
Obtuse,Man Size > Right Fork > Joe's Valley > Central Utah > Utah,https://www.mountainproject.com/route/107176433/obtuse,2.6,111,-1,Boulder,V3,1,15,39.28916,-111.18067
Shark Traverse,Man Size > Right Fork > Joe's Valley > Central Utah > Utah,https://www.mountainproject.com/route/122495222/shark-traverse,3.4,5,-1,Boulder,V3+,1,20,39.28916,-111.18067
Scrawny,Man Size > Right Fork > Joe's Valley > Central Utah > Utah,https://www.mountainproject.com/route/122434430/scrawny,1.9,11,-1,Boulder,V4,1,8,39.28916,-111.18067
Devastator,Man Size > Right Fork > Joe's Valley > Central Utah > Utah,https://www.mountainproject.com/route/108129240/devastator,2.6,149,-1,Boulder,V4,1,18,39.28916,-111.18067
Weavle Noodles,Man Size > Right Fork > Joe's Valley > Central Utah > Utah,https://www.mountainproject.com/route/111716708/weavle-noodles,2.0,4,-1,Boulder,V4,1,10,39.28916,-111.18067
George W,Man Size > Right Fork > Joe's Valley > Central Utah > Utah,https://www.mountainproject.com/route/111716730/george-w,2.3,12,-1,Boulder,V4,1,10,39.28916,-111.18067
Dyno,Man Size > Right Fork > Joe's Valley > Central Utah > Utah,https://www.mountainproject.com/route/105880660/dyno,2.8,248,-1,Boulder,V4,1,,39.28916,-111.18067
Isosceles,Man Size > Right Fork > Joe's Valley > Central Utah > Utah,https://www.mountainproject.com/route/107176443/isosceles,3.0,151,-1,Boulder,V4,1,15,39.28916,-111.18067
The Comedian,Man Size > Right Fork > Joe's Valley > Central Utah > Utah,https://www.mountainproject.com/route/107538336/the-comedian,3.1,176,-1,Boulder,V5 PG13,1,15,39.28916,-111.18067
Tiger Shark,Man Size > Right Fork > Joe's Valley > Central Utah > Utah,https://www.mountainproject.com/route/122495142/tiger-shark,2.9,8,-1,Boulder,V5,1,15,39.28916,-111.18067
Kiki Wow,Man Size > Right Fork > Joe's Valley > Central Utah > Utah,https://www.mountainproject.com/route/111716719/kiki-wow,2.3,10,-1,Boulder,V5,1,,39.28916,-111.18067
La Rose et le Joes,Man Size > Right Fork > Joe's Valley > Central Utah > Utah,https://www.mountainproject.com/route/114150837/la-rose-et-le-joes,1.5,2,-1,Boulder,V5,1,12,39.28916,-111.18067
Slow Loris,Man Size > Right Fork > Joe's Valley > Central Utah > Utah,https://www.mountainproject.com/route/114227609/slow-loris,1.5,2,-1,Boulder,V5,1,,39.28916,-111.18067
Double Delicious,Man Size > Right Fork > Joe's Valley > Central Utah > Utah,https://www.mountainproject.com/route/108132379/double-delicious,2.8,108,-1,Boulder,V6,1,,39.28916,-111.18067
Bat Country,Man Size > Right Fork > Joe's Valley > Central Utah > Utah,https://www.mountainproject.com/route/108292681/bat-country,2.8,4,-1,Boulder,V6,1,25,39.28916,-111.18067
Great White,Man Size > Right Fork > Joe's Valley > Central Utah > Utah,https://www.mountainproject.com/route/110100932/great-white,3.7,386,-1,Boulder,V6,1,10,39.28916,-111.18067
Jaws,Man Size > Right Fork > Joe's Valley > Central Utah > Utah,https://www.mountainproject.com/route/110101058/jaws,2.2,27,-1,Boulder,V6,1,,39.28916,-111.18067
Shark Bait,Man Size > Right Fork > Joe's Valley > Central Utah > Utah,https://www.mountainproject.com/route/117912039/shark-bait,3.1,126,-1,Boulder,V6,1,10,39.28916,-111.18067
Scrawny Variation/Traverse,Man Size > Right Fork > Joe's Valley > Central Utah > Utah,https://www.mountainproject.com/route/120414872/scrawny-variationtraverse,2.5,18,-1,Boulder,V6,1,,39.28916,-111.18067
Dyno Time Low,Man Size > Right Fork > Joe's Valley > Central Utah > Utah,https://www.mountainproject.com/route/107487473/dyno-time-low,3.1,237,-1,Boulder,V6-7,1,,39.28916,-111.18067
Poricini or Portabello,Man Size > Right Fork > Joe's Valley > Central Utah > Utah,https://www.mountainproject.com/route/107937852/poricini-or-portabello,2.5,65,-1,Boulder,V6-7,1,,39.28916,-111.18067
Big Bang,Man Size > Right Fork > Joe's Valley > Central Utah > Utah,https://www.mountainproject.com/route/120230033/big-bang,2.8,6,-1,Boulder,V7-8,1,10,39.28916,-111.18067
Projectile Dysfunction,Man Size > Right Fork > Joe's Valley > Central Utah > Utah,https://www.mountainproject.com/route/126003399/projectile-dysfunction,3.3,3,-1,Boulder,V8-,1,10,39.28916,-111.18067
Cosmos,Man Size > Right Fork > Joe's Valley > Central Utah > Utah,https://www.mountainproject.com/route/112832752/cosmos,2.9,18,-1,Boulder,V8,1,8,39.28916,-111.18067
Kind of Brawny,Man Size > Right Fork > Joe's Valley > Central Utah > Utah,https://www.mountainproject.com/route/105880651/kind-of-brawny,2.5,15,-1,Boulder,V8,1,,39.28916,-111.18067
Scrawny and Brawny,Man Size > Right Fork > Joe's Valley > Central Utah > Utah,https://www.mountainproject.com/route/105880655/scrawny-and-brawny,2.8,104,-1,Boulder,V8,1,,39.28916,-111.18067
Top Shelf,Man Size > Right Fork > Joe's Valley > Central Utah > Utah,https://www.mountainproject.com/route/105880778/top-shelf,2.1,15,-1,Boulder,V9,1,,39.28916,-111.18067
Champagne Supernova,Man Size > Right Fork > Joe's Valley > Central Utah > Utah,https://www.mountainproject.com/route/116832520/champagne-supernova,3.6,31,-1,Boulder,V9,1,12,39.28916,-111.18067
Finger Hut,Man Size > Right Fork > Joe's Valley > Central Utah > Utah,https://www.mountainproject.com/route/105880421/finger-hut,3.6,51,-1,Boulder,V10,1,,39.28916,-111.18067
Neil deGrasse Tyson,Man Size > Right Fork > Joe's Valley > Central Utah > Utah,https://www.mountainproject.com/route/120242626/neil-degrasse-tyson,3.0,1,-1,Boulder,V11,1,10,39.28916,-111.18067
Cripple Crow,The Hulk > Right Fork > Joe's Valley > Central Utah > Utah,https://www.mountainproject.com/route/122369915/cripple-crow,3.0,2,-1,Boulder,V3,1,15,39.32896,-111.19289
[Redacted],The Hulk > Right Fork > Joe's Valley > Central Utah > Utah,https://www.mountainproject.com/route/119210170/redacted,2.0,1,-1,Boulder,V5 PG13,1,,39.32896,-111.19289
Frosted Flakes,The Hulk > Right Fork > Joe's Valley > Central Utah > Utah,https://www.mountainproject.com/route/105880487/frosted-flakes,3.5,140,-1,Boulder,V5,1,,39.32896,-111.19289
The Shining,The Hulk > Right Fork > Joe's Valley > Central Utah > Utah,https://www.mountainproject.com/route/106852691/the-shining,2.8,15,-1,Boulder,V5,1,15,39.32896,-111.19289
Antaeus,The Hulk > Right Fork > Joe's Valley > Central Utah > Utah,https://www.mountainproject.com/route/108123226/antaeus,3.1,28,-1,Boulder,V5,1,20,39.32896,-111.19289
Pilot Light,The Hulk > Right Fork > Joe's Valley > Central Utah > Utah,https://www.mountainproject.com/route/108106124/pilot-light,3.2,37,-1,Boulder,V6,1,15,39.32896,-111.19289
All You Sinners,The Hulk > Right Fork > Joe's Valley > Central Utah > Utah,https://www.mountainproject.com/route/108123273/all-you-sinners,3.0,26,-1,Boulder,V6,1,20,39.32896,-111.19289
Dirty Harry,The Hulk > Right Fork > Joe's Valley > Central Utah > Utah,https://www.mountainproject.com/route/107491514/dirty-harry,3.5,71,-1,Boulder,V6+,1,,39.32896,-111.19289
The Hulk,The Hulk > Right Fork > Joe's Valley > Central Utah > Utah,https://www.mountainproject.com/route/105880482/the-hulk,3.1,16,-1,Boulder,V8,1,,39.32896,-111.19289
Poseidon (AKA Sweetest Thing),The Hulk > Right Fork > Joe's Valley > Central Utah > Utah,https://www.mountainproject.com/route/114341830/poseidon-aka-sweetest-thing,4.0,9,-1,Boulder,V8 PG13,1,,39.32896,-111.19289
The Incredible Hulk,The Hulk > Right Fork > Joe's Valley > Central Utah > Utah,https://www.mountainproject.com/route/105880478/the-incredible-hulk,3.1,21,-1,Boulder,V9,1,,39.32896,-111.19289
Fiery Furnace,The Hulk > Right Fork > Joe's Valley > Central Utah > Utah,https://www.mountainproject.com/route/108558953/fiery-furnace,3.0,9,-1,Boulder,V10,1,13,39.32896,-111.19289
Thriller,No Substance > Right Fork > Joe's Valley > Central Utah > Utah,https://www.mountainproject.com/route/107187788/thriller,3.7,108,-1,Boulder,V0 R,1,35,39.31205,-111.18744
Jah Young Rasta,No Substance > Right Fork > Joe's Valley > Central Utah > Utah,https://www.mountainproject.com/route/200836518/jah-young-rasta,2.0,1,-1,Boulder,V3,1,8,39.31205,-111.18744
Pimper's Paradise,No Substance > Right Fork > Joe's Valley > Central Utah > Utah,https://www.mountainproject.com/route/107187807/pimpers-paradise,3.0,97,-1,Boulder,V4,1,10,39.31205,-111.18744
Gut Wrencher,No Substance > Right Fork > Joe's Valley > Central Utah > Utah,https://www.mountainproject.com/route/108752242/gut-wrencher,2.2,18,-1,Boulder,V6-,1,10,39.31205,-111.18744
No Substance,No Substance > Right Fork > Joe's Valley > Central Utah > Utah,https://www.mountainproject.com/route/105880664/no-substance,3.9,60,-1,Boulder,V8,1,,39.31205,-111.18744
Hydrogenated Oil,No Substance > Right Fork > Joe's Valley > Central Utah > Utah,https://www.mountainproject.com/route/107607271/hydrogenated-oil,2.5,10,-1,Boulder,V10,1,12,39.31205,-111.18744
No Additives,No Substance > Right Fork > Joe's Valley > Central Utah > Utah,https://www.mountainproject.com/route/105880451/no-additives,4.0,3,-1,Boulder,V11,1,,39.31205,-111.18744
Venghazi Kick,Dark Canyon > Right Fork > Joe's Valley > Central Utah > Utah,https://www.mountainproject.com/route/111851493/venghazi-kick,3.0,9,-1,Boulder,V4,1,9,39.31165,-111.18872
Maxipad,Dark Canyon > Right Fork > Joe's Valley > Central Utah > Utah,https://www.mountainproject.com/route/105904234/maxipad,3.8,120,-1,Boulder,V6,1,16,39.31165,-111.18872
Buoux OW,Buoux Area > Right Fork > Joe's Valley > Central Utah > Utah,https://www.mountainproject.com/route/107876074/buoux-ow,2.9,30,-1,Boulder,5.9 V0,1,12,39.30718,-111.18428
Thin Ice,Buoux Area > Right Fork > Joe's Valley > Central Utah > Utah,https://www.mountainproject.com/route/112170171/thin-ice,2.0,6,-1,Boulder,V0 R,1,25,39.30718,-111.18428
Buoux Crack,Buoux Area > Right Fork > Joe's Valley > Central Utah > Utah,https://www.mountainproject.com/route/106402469/buoux-crack,3.5,144,-1,Boulder,V1 R,1,30,39.30718,-111.18428
Buoux Dihedral,Buoux Area > Right Fork > Joe's Valley > Central Utah > Utah,https://www.mountainproject.com/route/106016642/buoux-dihedral,2.2,29,-1,Boulder,V2 R,1,20,39.30718,-111.18428
Sunscreen,Buoux Area > Right Fork > Joe's Valley > Central Utah > Utah,https://www.mountainproject.com/route/117924940/sunscreen,2.2,12,-1,Boulder,V2+,1,12,39.30718,-111.18428
Arcade,Buoux Area > Right Fork > Joe's Valley > Central Utah > Utah,https://www.mountainproject.com/route/121564228/arcade,2.2,6,-1,Boulder,V2+,1,10,39.30718,-111.18428
Speed,Buoux Area > Right Fork > Joe's Valley > Central Utah > Utah,https://www.mountainproject.com/route/105938543/speed,3.7,48,-1,Boulder,V3 R,1,30,39.30718,-111.18428
Buoux Problem,Buoux Area > Right Fork > Joe's Valley > Central Utah > Utah,https://www.mountainproject.com/route/105938549/buoux-problem,3.0,142,-1,Boulder,V3,1,12,39.30718,-111.18428
Gutter Ball,Buoux Area > Right Fork > Joe's Valley > Central Utah > Utah,https://www.mountainproject.com/route/112170199/gutter-ball,1.9,12,-1,Boulder,V3+,1,12,39.30718,-111.18428
Damn Jim,Buoux Area > Right Fork > Joe's Valley > Central Utah > Utah,https://www.mountainproject.com/route/121555123/damn-jim,2.7,9,-1,Boulder,V4,1,10,39.30718,-111.18428
Bowling Ball,Buoux Area > Right Fork > Joe's Valley > Central Utah > Utah,https://www.mountainproject.com/route/105904242/bowling-ball,3.4,315,-1,Boulder,V4,1,12,39.30718,-111.18428
Tradesque,Buoux Area > Right Fork > Joe's Valley > Central Utah > Utah,https://www.mountainproject.com/route/105938576/tradesque,2.6,58,-1,Boulder,V4,1,20,39.30718,-111.18428
Buoux Arete,Buoux Area > Right Fork > Joe's Valley > Central Utah > Utah,https://www.mountainproject.com/route/107152260/buoux-arete,2.7,16,-1,Boulder,V4,1,12,39.30718,-111.18428
Bowling Shoes,Buoux Area > Right Fork > Joe's Valley > Central Utah > Utah,https://www.mountainproject.com/route/121564010/bowling-shoes,3.0,14,-1,Boulder,V5,1,12,39.30718,-111.18428
Bowling Shoes Left,Buoux Area > Right Fork > Joe's Valley > Central Utah > Utah,https://www.mountainproject.com/route/121564164/bowling-shoes-left,3.3,3,-1,Boulder,V6-,1,12,39.30718,-111.18428
From the East,Buoux Area > Right Fork > Joe's Valley > Central Utah > Utah,https://www.mountainproject.com/route/108771372/from-the-east,2.6,24,-1,Boulder,V7-,1,15,39.30718,-111.18428
Turtle's Mouth,Boy Size (Provo Area) > Right Fork > Joe's Valley > Central Utah > Utah,https://www.mountainproject.com/route/108108712/turtles-mouth,3.7,24,-1,Boulder,V-easy R,1,15,39.28806,-111.17621
Toy Truck,Boy Size (Provo Area) > Right Fork > Joe's Valley > Central Utah > Utah,https://www.mountainproject.com/route/107937839/toy-truck,1.9,57,-1,Boulder,V0,1,,39.28806,-111.17621
Tonka,Boy Size (Provo Area) > Right Fork > Joe's Valley > Central Utah > Utah,https://www.mountainproject.com/route/107937845/tonka,1.9,62,-1,Boulder,V0,1,,39.28806,-111.17621
The Cadaver,Boy Size (Provo Area) > Right Fork > Joe's Valley > Central Utah > Utah,https://www.mountainproject.com/route/126796651/the-cadaver,1.5,2,-1,Boulder,V0,1,,39.28806,-111.17621
Flatulence,Boy Size (Provo Area) > Right Fork > Joe's Valley > Central Utah > Utah,https://www.mountainproject.com/route/126796685/flatulence,2.0,2,-1,Boulder,V0,1,,39.28806,-111.17621
South Face,Boy Size (Provo Area) > Right Fork > Joe's Valley > Central Utah > Utah,https://www.mountainproject.com/route/126796761/south-face,2.0,2,-1,Boulder,V0,1,,39.28806,-111.17621
Soulfood,Boy Size (Provo Area) > Right Fork > Joe's Valley > Central Utah > Utah,https://www.mountainproject.com/route/107425896/soulfood,2.4,69,-1,Boulder,V0,1,,39.28806,-111.17621
Peep Show,Boy Size (Provo Area) > Right Fork > Joe's Valley > Central Utah > Utah,https://www.mountainproject.com/route/106402650/peep-show,2.1,12,-1,Boulder,V1,1,12,39.28806,-111.17621
Elm Street,Boy Size (Provo Area) > Right Fork > Joe's Valley > Central Utah > Utah,https://www.mountainproject.com/route/107425869/elm-street,1.8,73,-1,Boulder,V1,1,12,39.28806,-111.17621
Nightmare,Boy Size (Provo Area) > Right Fork > Joe's Valley > Central Utah > Utah,https://www.mountainproject.com/route/107425881/nightmare,1.5,63,-1,Boulder,V1,1,,39.28806,-111.17621
Richard,Boy Size (Provo Area) > Right Fork > Joe's Valley > Central Utah > Utah,https://www.mountainproject.com/route/117856223/richard,2.3,3,-1,Boulder,V1,1,15,39.28806,-111.17621
The Bung Hole,Boy Size (Provo Area) > Right Fork > Joe's Valley > Central Utah > Utah,https://www.mountainproject.com/route/126796673/the-bung-hole,2.0,2,-1,Boulder,V1,1,,39.28806,-111.17621
Deep Thoughts,Boy Size (Provo Area) > Right Fork > Joe's Valley > Central Utah > Utah,https://www.mountainproject.com/route/126796697/deep-thoughts,2.5,2,-1,Boulder,V1,1,,39.28806,-111.17621
Point of Impact,Boy Size (Provo Area) > Right Fork > Joe's Valley > Central Utah > Utah,https://www.mountainproject.com/route/126796618/point-of-impact,2.0,2,-1,Boulder,V2,1,,39.28806,-111.17621
Fake News,Boy Size (Provo Area) > Right Fork > Joe's Valley > Central Utah > Utah,https://www.mountainproject.com/route/112779981/fake-news,1.3,4,-1,Boulder,V2,1,12,39.28806,-111.17621
Chexmix,Boy Size (Provo Area) > Right Fork > Joe's Valley > Central Utah > Utah,https://www.mountainproject.com/route/107183677/chexmix,3.1,282,-1,Boulder,V2,1,12,39.28806,-111.17621
Mono E Mono,Boy Size (Provo Area) > Right Fork > Joe's Valley > Central Utah > Utah,https://www.mountainproject.com/route/106016223/mono-e-mono,2.6,225,-1,Boulder,V4,1,12,39.28806,-111.17621
Nightmare on Elm Street,Boy Size (Provo Area) > Right Fork > Joe's Valley > Central Utah > Utah,https://www.mountainproject.com/route/107183661/nightmare-on-elm-street,2.0,50,-1,Boulder,V4,1,,39.28806,-111.17621
The Rich,Boy Size (Provo Area) > Right Fork > Joe's Valley > Central Utah > Utah,https://www.mountainproject.com/route/107559992/the-rich,2.7,82,-1,Boulder,V4,1,,39.28806,-111.17621
The Weak,Boy Size (Provo Area) > Right Fork > Joe's Valley > Central Utah > Utah,https://www.mountainproject.com/route/107559998/the-weak,1.5,28,-1,Boulder,V4,1,,39.28806,-111.17621
Footmare,Boy Size (Provo Area) > Right Fork > Joe's Valley > Central Utah > Utah,https://www.mountainproject.com/route/107425890/footmare,2.5,32,-1,Boulder,V4+,1,,39.28806,-111.17621
Centrist,Boy Size (Provo Area) > Right Fork > Joe's Valley > Central Utah > Utah,https://www.mountainproject.com/route/112779994/centrist,1.5,2,-1,Boulder,V4-5,1,12,39.28806,-111.17621
Alt Right,Boy Size (Provo Area) > Right Fork > Joe's Valley > Central Utah > Utah,https://www.mountainproject.com/route/112780013/alt-right,1.5,2,-1,Boulder,V5,1,12,39.28806,-111.17621
Yoyo C Yoyo,Boy Size (Provo Area) > Right Fork > Joe's Valley > Central Utah > Utah,https://www.mountainproject.com/route/122353598/yoyo-c-yoyo,2.3,4,-1,Boulder,V5,1,,39.28806,-111.17621
Cue ball,Boy Size (Provo Area) > Right Fork > Joe's Valley > Central Utah > Utah,https://www.mountainproject.com/route/107183685/cue-ball,2.2,142,-1,Boulder,V5,1,8,39.28806,-111.17621
The Poor,Boy Size (Provo Area) > Right Fork > Joe's Valley > Central Utah > Utah,https://www.mountainproject.com/route/107183691/the-poor,2.1,30,-1,Boulder,V5,1,11,39.28806,-111.17621
Eurosize,Boy Size (Provo Area) > Right Fork > Joe's Valley > Central Utah > Utah,https://www.mountainproject.com/route/107559985/eurosize,2.8,232,-1,Boulder,V5,1,,39.28806,-111.17621
The Fit,Boy Size (Provo Area) > Right Fork > Joe's Valley > Central Utah > Utah,https://www.mountainproject.com/route/106402627/the-fit,1.6,12,-1,Boulder,V6,1,12,39.28806,-111.17621
Unnamed,Boy Size (Provo Area) > Right Fork > Joe's Valley > Central Utah > Utah,https://www.mountainproject.com/route/116202958/unnamed,2.8,5,-1,Boulder,V6,1,8,39.28806,-111.17621
Boysize,Boy Size (Provo Area) > Right Fork > Joe's Valley > Central Utah > Utah,https://www.mountainproject.com/route/106016230/boysize,2.7,35,-1,Boulder,V7,1,,39.28806,-111.17621
Golden Plates,Boy Size (Provo Area) > Right Fork > Joe's Valley > Central Utah > Utah,https://www.mountainproject.com/route/106402616/golden-plates,2.8,33,-1,Boulder,V7-8,1,15,39.28806,-111.17621
Fly Me to the Moon,Boy Size (Provo Area) > Right Fork > Joe's Valley > Central Utah > Utah,https://www.mountainproject.com/route/122353645/fly-me-to-the-moon,3.0,2,-1,Boulder,V8,1,,39.28806,-111.17621
Mini,The Small One > Right Fork > Joe's Valley > Central Utah > Utah,https://www.mountainproject.com/route/106725469/mini,1.8,59,-1,Boulder,V1+,1,10,39.30312,-111.18272
Small One,The Small One > Right Fork > Joe's Valley > Central Utah > Utah,https://www.mountainproject.com/route/106725449/small-one,2.0,81,-1,Boulder,V2,1,10,39.30312,-111.18272
Dustbuster,The Small One > Right Fork > Joe's Valley > Central Utah > Utah,https://www.mountainproject.com/route/106016249/dustbuster,2.4,95,-1,Boulder,V3,1,12,39.30312,-111.18272
Midget,The Small One > Right Fork > Joe's Valley > Central Utah > Utah,https://www.mountainproject.com/route/106016256/midget,2.3,105,-1,Boulder,V3,1,12,39.30312,-111.18272
Pint Size,The Small One > Right Fork > Joe's Valley > Central Utah > Utah,https://www.mountainproject.com/route/111656564/pint-size,1.9,42,-1,Boulder,V3,1,,39.30312,-111.18272
Lie Low,The Small One > Right Fork > Joe's Valley > Central Utah > Utah,https://www.mountainproject.com/route/127208760/lie-low,2.0,3,-1,Boulder,V3,1,8,39.30312,-111.18272
Pee Wee,The Small One > Right Fork > Joe's Valley > Central Utah > Utah,https://www.mountainproject.com/route/108137718/pee-wee,2.2,71,-1,Boulder,V4,1,,39.30312,-111.18272
Teensy Weensy Traverse,The Small One > Right Fork > Joe's Valley > Central Utah > Utah,https://www.mountainproject.com/route/120437046/teensy-weensy-traverse,2.5,17,-1,Boulder,V5-,1,15,39.30312,-111.18272
Runt,The Small One > Right Fork > Joe's Valley > Central Utah > Utah,https://www.mountainproject.com/route/106016243/runt,1.9,49,-1,Boulder,V6-7,1,,39.30312,-111.18272
Fruity,UMWA Boulder > Right Fork > Joe's Valley > Central Utah > Utah,https://www.mountainproject.com/route/107183640/fruity,1.7,72,-1,Boulder,V0-,1,12,39.30349,-111.18319
I am,UMWA Boulder > Right Fork > Joe's Valley > Central Utah > Utah,https://www.mountainproject.com/route/107183630/i-am,1.6,61,-1,Boulder,V1,1,12,39.30349,-111.18319
UMWA Problem,UMWA Boulder > Right Fork > Joe's Valley > Central Utah > Utah,https://www.mountainproject.com/route/106016416/umwa-problem,2.4,187,-1,Boulder,V2,1,15,39.30349,-111.18319
Crescent Moon,UMWA Boulder > Right Fork > Joe's Valley > Central Utah > Utah,https://www.mountainproject.com/route/111860665/crescent-moon,3.2,41,-1,Boulder,V2,1,12,39.30349,-111.18319
American Freedom Association,UMWA Boulder > Right Fork > Joe's Valley > Central Utah > Utah,https://www.mountainproject.com/route/117588759/american-freedom-association,3.0,9,-1,Boulder,V3,1,15,39.30349,-111.18319
The Dreaded Woodsian,UMWA Boulder > Right Fork > Joe's Valley > Central Utah > Utah,https://www.mountainproject.com/route/122142168/the-dreaded-woodsian,1.0,1,-1,Boulder,V3,1,8,39.30349,-111.18319
UMWA Dyno,UMWA Boulder > Right Fork > Joe's Valley > Central Utah > Utah,https://www.mountainproject.com/route/106016419/umwa-dyno,2.4,76,-1,Boulder,V3,1,15,39.30349,-111.18319
Reach Around,UMWA Boulder > Right Fork > Joe's Valley > Central Utah > Utah,https://www.mountainproject.com/route/106307456/reach-around,2.9,218,-1,Boulder,V3,1,,39.30349,-111.18319
High Ride,UMWA Boulder > Right Fork > Joe's Valley > Central Utah > Utah,https://www.mountainproject.com/route/106777324/high-ride,2.4,87,-1,Boulder,V3+,1,,39.30349,-111.18319
And Tug,UMWA Boulder > Right Fork > Joe's Valley > Central Utah > Utah,https://www.mountainproject.com/route/126039450/and-tug,2.8,5,-1,Boulder,V4-,1,5,39.30349,-111.18319
That Zucchini,UMWA Boulder > Right Fork > Joe's Valley > Central Utah > Utah,https://www.mountainproject.com/route/113900358/that-zucchini,2.5,14,-1,Boulder,V4,1,6,39.30349,-111.18319
Treeble People,UMWA Boulder > Right Fork > Joe's Valley > Central Utah > Utah,https://www.mountainproject.com/route/122142343/treeble-people,2.0,1,-1,Boulder,V5,1,15,39.30349,-111.18319
Smoothie,UMWA Boulder > Right Fork > Joe's Valley > Central Utah > Utah,https://www.mountainproject.com/route/106389072/smoothie,2.7,103,-1,Boulder,V5,1,10,39.30349,-111.18319
Rug Rat,UMWA Boulder > Right Fork > Joe's Valley > Central Utah > Utah,https://www.mountainproject.com/route/106389082/rug-rat,3.6,194,-1,Boulder,V5,1,15,39.30349,-111.18319
Walrus,UMWA Boulder > Right Fork > Joe's Valley > Central Utah > Utah,https://www.mountainproject.com/route/106777315/walrus,3.1,97,-1,Boulder,V5,1,,39.30349,-111.18319
Eyeful of High,UMWA Boulder > Right Fork > Joe's Valley > Central Utah > Utah,https://www.mountainproject.com/route/111735632/eyeful-of-high,1.0,5,-1,Boulder,V6- PG13,1,16,39.30349,-111.18319
Candy Cane,UMWA Boulder > Right Fork > Joe's Valley > Central Utah > Utah,https://www.mountainproject.com/route/125514779/candy-cane,3.0,1,-1,Boulder,V6,1,8,39.30349,-111.18319
Stompin Hippies,UMWA Boulder > Right Fork > Joe's Valley > Central Utah > Utah,https://www.mountainproject.com/route/106777310/stompin-hippies,2.7,21,-1,Boulder,V7,1,,39.30349,-111.18319
Skidmark,UMWA Boulder > Right Fork > Joe's Valley > Central Utah > Utah,https://www.mountainproject.com/route/115966572/skidmark,3.1,32,-1,Boulder,V8,1,10,39.30349,-111.18319
Guerrilla Liberation,UMWA Boulder > Right Fork > Joe's Valley > Central Utah > Utah,https://www.mountainproject.com/route/122142280/guerrilla-liberation,2.0,1,-1,Boulder,V8,1,12,39.30349,-111.18319
Quality Before Quantity,Black and Tan > Right Fork > Joe's Valley > Central Utah > Utah,https://www.mountainproject.com/route/116729693/quality-before-quantity,0.8,5,-1,Boulder,V0,1,,39.29265,-111.1814
Question,Black and Tan > Right Fork > Joe's Valley > Central Utah > Utah,https://www.mountainproject.com/route/116729712/question,1.0,5,-1,Boulder,V1,1,,39.29265,-111.1814
Mark,Black and Tan > Right Fork > Joe's Valley > Central Utah > Utah,https://www.mountainproject.com/route/116729729/mark,0.8,4,-1,Boulder,V1,1,,39.29265,-111.1814
Jogmate,Black and Tan > Right Fork > Joe's Valley > Central Utah > Utah,https://www.mountainproject.com/route/116729755/jogmate,1.0,1,-1,Boulder,V1,1,,39.29265,-111.1814
Kids Are For Chicks,Black and Tan > Right Fork > Joe's Valley > Central Utah > Utah,https://www.mountainproject.com/route/109694708/kids-are-for-chicks,2.3,17,-1,Boulder,V2+,1,15,39.29265,-111.1814
Crack Back,Black and Tan > Right Fork > Joe's Valley > Central Utah > Utah,https://www.mountainproject.com/route/114074988/crack-back,2.6,23,-1,Boulder,V3,1,12,39.29265,-111.1814
Milky Way,Black and Tan > Right Fork > Joe's Valley > Central Utah > Utah,https://www.mountainproject.com/route/109464046/milky-way,2.4,30,-1,Boulder,V3-4,1,10,39.29265,-111.1814
Blue Eyed,Black and Tan > Right Fork > Joe's Valley > Central Utah > Utah,https://www.mountainproject.com/route/107183726/blue-eyed,2.7,64,-1,Boulder,V3-4,1,12,39.29265,-111.1814
Filla Void,Black and Tan > Right Fork > Joe's Valley > Central Utah > Utah,https://www.mountainproject.com/route/106318285/filla-void,3.2,75,-1,Boulder,V5,1,12,39.29265,-111.1814
Prow,Black and Tan > Right Fork > Joe's Valley > Central Utah > Utah,https://www.mountainproject.com/route/114957518/prow,2.0,4,-1,Boulder,V7,1,7,39.29265,-111.1814
Scoopable,Warm-Up Area > Right Fork > Joe's Valley > Central Utah > Utah,https://www.mountainproject.com/route/106725491/scoopable,2.3,36,-1,Boulder,V0 R,1,,39.29932,-111.18218
Hydraulic Fracturing,Warm-Up Area > Right Fork > Joe's Valley > Central Utah > Utah,https://www.mountainproject.com/route/116735492/hydraulic-fracturing,2.3,6,-1,Boulder,V0+ R,1,20,39.29932,-111.18218
Womb Tomb,Warm-Up Area > Right Fork > Joe's Valley > Central Utah > Utah,https://www.mountainproject.com/route/119838055/womb-tomb,2.3,15,-1,Boulder,V1,1,10,39.29932,-111.18218
Eye Patch,Warm-Up Area > Right Fork > Joe's Valley > Central Utah > Utah,https://www.mountainproject.com/route/107939498/eye-patch,1.4,59,-1,Boulder,V1,1,,39.29932,-111.18218
Pop Belly,Warm-Up Area > Right Fork > Joe's Valley > Central Utah > Utah,https://www.mountainproject.com/route/107939453/pop-belly,1.8,42,-1,Boulder,V2,1,,39.29932,-111.18218
Tweakers,Warm-Up Area > Right Fork > Joe's Valley > Central Utah > Utah,https://www.mountainproject.com/route/107939465/tweakers,2.1,94,-1,Boulder,V2,1,,39.29932,-111.18218
Todd's Arete,Warm-Up Area > Right Fork > Joe's Valley > Central Utah > Utah,https://www.mountainproject.com/route/107942060/todds-arete,2.1,85,-1,Boulder,V2,1,,39.29932,-111.18218
The Plank,Warm-Up Area > Right Fork > Joe's Valley > Central Utah > Utah,https://www.mountainproject.com/route/114213461/the-plank,2.7,83,-1,Boulder,V2,1,,39.29932,-111.18218
Small Guy,Warm-Up Area > Right Fork > Joe's Valley > Central Utah > Utah,https://www.mountainproject.com/route/114213538/small-guy,1.9,9,-1,Boulder,V2,1,,39.29932,-111.18218
Bitter Bite,Warm-Up Area > Right Fork > Joe's Valley > Central Utah > Utah,https://www.mountainproject.com/route/107939458/bitter-bite,1.8,63,-1,Boulder,V3-,1,,39.29932,-111.18218
Shorty Pie,Warm-Up Area > Right Fork > Joe's Valley > Central Utah > Utah,https://www.mountainproject.com/route/107942071/shorty-pie,2.0,28,-1,Boulder,V3,1,,39.29932,-111.18218
Better Than Coffee,Warm-Up Area > Right Fork > Joe's Valley > Central Utah > Utah,https://www.mountainproject.com/route/106402445/better-than-coffee,3.0,200,-1,Boulder,V3,1,15,39.29932,-111.18218
Dem' Bones,Warm-Up Area > Right Fork > Joe's Valley > Central Utah > Utah,https://www.mountainproject.com/route/106537327/dem-bones,2.9,256,-1,Boulder,V3,1,12,39.29932,-111.18218
Cave Man,Warm-Up Area > Right Fork > Joe's Valley > Central Utah > Utah,https://www.mountainproject.com/route/106402464/cave-man,2.8,73,-1,Boulder,V4,1,15,39.29932,-111.18218
Sling Blade,Warm-Up Area > Right Fork > Joe's Valley > Central Utah > Utah,https://www.mountainproject.com/route/106770019/sling-blade,2.8,133,-1,Boulder,V4,1,12,39.29932,-111.18218
Coffee Breath,Warm-Up Area > Right Fork > Joe's Valley > Central Utah > Utah,https://www.mountainproject.com/route/123322004/coffee-breath,2.0,2,-1,Boulder,V4,1,,39.29932,-111.18218
Leaving Base Camp,Warm-Up Area > Right Fork > Joe's Valley > Central Utah > Utah,https://www.mountainproject.com/route/112282396/leaving-base-camp,2.1,15,-1,Boulder,V4,1,10,39.29932,-111.18218
Cave Club,Warm-Up Area > Right Fork > Joe's Valley > Central Utah > Utah,https://www.mountainproject.com/route/107937864/cave-club,2.4,52,-1,Boulder,V5-,1,,39.29932,-111.18218
Vitruvian Man,Warm-Up Area > Right Fork > Joe's Valley > Central Utah > Utah,https://www.mountainproject.com/route/115452939/vitruvian-man,3.1,21,-1,Boulder,V5,1,12,39.29932,-111.18218
Bone Slinger,Warm-Up Area > Right Fork > Joe's Valley > Central Utah > Utah,https://www.mountainproject.com/route/125022588/bone-slinger,3.0,2,-1,Boulder,V6,1,12,39.29932,-111.18218
3 Weeks,Warm-Up Area > Right Fork > Joe's Valley > Central Utah > Utah,https://www.mountainproject.com/route/106402450/3-weeks,2.1,24,-1,Boulder,V6,1,10,39.29932,-111.18218
Ian's Dyno,Warm-Up Area > Right Fork > Joe's Valley > Central Utah > Utah,https://www.mountainproject.com/route/106725500/ians-dyno,2.8,17,-1,Boulder,V6,1,20,39.29932,-111.18218
Better Than Starbucks,Warm-Up Area > Right Fork > Joe's Valley > Central Utah > Utah,https://www.mountainproject.com/route/107866250/better-than-starbucks,3.0,56,-1,Boulder,V6,1,18,39.29932,-111.18218
3 Weeks Low,Warm-Up Area > Right Fork > Joe's Valley > Central Utah > Utah,https://www.mountainproject.com/route/108854403/3-weeks-low,2.5,22,-1,Boulder,V8,1,,39.29932,-111.18218
Afterthought,Warm-Up Area > Right Fork > Joe's Valley > Central Utah > Utah,https://www.mountainproject.com/route/114220615/afterthought,4.0,2,-1,Boulder,V9,1,7,39.29932,-111.18218
#2 Arete,Warm-Up Area > Right Fork > Joe's Valley > Central Utah > Utah,https://www.mountainproject.com/route/123463233/2-arete,3.0,1,-1,Boulder,V9,1,20,39.29932,-111.18218
Ghost Tree,Lower Hillside > Right Fork > Joe's Valley > Central Utah > Utah,https://www.mountainproject.com/route/106985575/ghost-tree,2.2,6,-1,Boulder,V1,1,12,39.32766,-111.19052
Skims Game,Lower Hillside > Right Fork > Joe's Valley > Central Utah > Utah,https://www.mountainproject.com/route/107176473/skims-game,2.8,46,-1,Boulder,V3,1,15,39.32766,-111.19052
Rubadubba,Lower Hillside > Right Fork > Joe's Valley > Central Utah > Utah,https://www.mountainproject.com/route/108137702/rubadubba,2.1,11,-1,Boulder,V5,1,,39.32766,-111.19052
Moby Dick,Lower Hillside > Right Fork > Joe's Valley > Central Utah > Utah,https://www.mountainproject.com/route/106906216/moby-dick,3.1,44,-1,Boulder,V6,1,12,39.32766,-111.19052
Get Some,Lower Hillside > Right Fork > Joe's Valley > Central Utah > Utah,https://www.mountainproject.com/route/106985546/get-some,2.6,5,-1,Boulder,V6,1,14,39.32766,-111.19052
Black and Blue,Lower Hillside > Right Fork > Joe's Valley > Central Utah > Utah,https://www.mountainproject.com/route/107092930/black-and-blue,2.8,18,-1,Boulder,V6,1,15,39.32766,-111.19052
Team Effort,Lower Hillside > Right Fork > Joe's Valley > Central Utah > Utah,https://www.mountainproject.com/route/106410232/team-effort,3.7,29,-1,Boulder,V9,1,15,39.32766,-111.19052
Hooters,Lower Hillside > Right Fork > Joe's Valley > Central Utah > Utah,https://www.mountainproject.com/route/110082425/hooters,3.2,6,-1,Boulder,V9,1,12,39.32766,-111.19052
Jitterbug Perfume,Jitterbug > Right Fork > Joe's Valley > Central Utah > Utah,https://www.mountainproject.com/route/106796625/jitterbug-perfume,3.9,14,-1,Boulder,V10,1,12,39.32047,-111.19029
Zoolander,Jitterbug > Right Fork > Joe's Valley > Central Utah > Utah,https://www.mountainproject.com/route/116103892/zoolander,3.8,9,-1,Boulder,V10,1,10,39.32047,-111.19029
East Coast Special,The Perimeter > Right Fork > Joe's Valley > Central Utah > Utah,https://www.mountainproject.com/route/121504783/east-coast-special,2.0,2,-1,Boulder,V1-,1,,39.3136,-111.1871
Elephant Man,The Perimeter > Right Fork > Joe's Valley > Central Utah > Utah,https://www.mountainproject.com/route/114341811/elephant-man,2.0,4,-1,Boulder,V1,1,,39.3136,-111.1871
Uncerclings,The Perimeter > Right Fork > Joe's Valley > Central Utah > Utah,https://www.mountainproject.com/route/106996001/uncerclings,1.6,12,-1,Boulder,V2-,1,,39.3136,-111.1871
Bouncy Chair,The Perimeter > Right Fork > Joe's Valley > Central Utah > Utah,https://www.mountainproject.com/route/106995994/bouncy-chair,1.4,14,-1,Boulder,V2,1,,39.3136,-111.1871
Crack It,The Perimeter > Right Fork > Joe's Valley > Central Utah > Utah,https://www.mountainproject.com/route/118927812/crack-it,1.4,5,-1,Boulder,V2,1,10,39.3136,-111.1871
Pippen's Pipe,The Perimeter > Right Fork > Joe's Valley > Central Utah > Utah,https://www.mountainproject.com/route/118927835/pippens-pipe,2.0,3,-1,Boulder,V2 PG13,1,15,39.3136,-111.1871
Cattleguard,The Perimeter > Right Fork > Joe's Valley > Central Utah > Utah,https://www.mountainproject.com/route/121587472/cattleguard,2.5,10,-1,Boulder,V2,1,,39.3136,-111.1871
Sam's Oliphant,The Perimeter > Right Fork > Joe's Valley > Central Utah > Utah,https://www.mountainproject.com/route/108696501/sams-oliphant,3.0,20,-1,Boulder,V2,1,10,39.3136,-111.1871
Twilight Delight,The Perimeter > Right Fork > Joe's Valley > Central Utah > Utah,https://www.mountainproject.com/route/114075027/twilight-delight,2.5,12,-1,Boulder,V2,1,15,39.3136,-111.1871
Wee Man,The Perimeter > Right Fork > Joe's Valley > Central Utah > Utah,https://www.mountainproject.com/route/114075044/wee-man,2.3,17,-1,Boulder,V3,1,12,39.3136,-111.1871
The Black Face,The Perimeter > Right Fork > Joe's Valley > Central Utah > Utah,https://www.mountainproject.com/route/106995971/the-black-face,1.6,20,-1,Boulder,V3,1,,39.3136,-111.1871
Gnarler,The Perimeter > Right Fork > Joe's Valley > Central Utah > Utah,https://www.mountainproject.com/route/106995984/gnarler,2.4,27,-1,Boulder,V4-,1,,39.3136,-111.1871
Tufa Land,The Perimeter > Right Fork > Joe's Valley > Central Utah > Utah,https://www.mountainproject.com/route/114341819/tufa-land,2.4,17,-1,Boulder,V4+,1,,39.3136,-111.1871
Proppa Dyno,The Perimeter > Right Fork > Joe's Valley > Central Utah > Utah,https://www.mountainproject.com/route/107942088/proppa-dyno,3.5,171,-1,Boulder,V5,1,,39.3136,-111.1871
O Face,The Perimeter > Right Fork > Joe's Valley > Central Utah > Utah,https://www.mountainproject.com/route/108051617/o-face,3.2,6,-1,Boulder,V5,1,15,39.3136,-111.1871
Snake Pit,The Perimeter > Right Fork > Joe's Valley > Central Utah > Utah,https://www.mountainproject.com/route/111226102/snake-pit,1.3,3,-1,Boulder,V5,1,12,39.3136,-111.1871
Knob Snob,The Perimeter > Right Fork > Joe's Valley > Central Utah > Utah,https://www.mountainproject.com/route/112220793/knob-snob,3.0,1,-1,Boulder,V5,1,,39.3136,-111.1871
Hand of Doom,The Perimeter > Right Fork > Joe's Valley > Central Utah > Utah,https://www.mountainproject.com/route/113691945/hand-of-doom,3.6,9,-1,Boulder,V6,1,25,39.3136,-111.1871
Pimple,The Perimeter > Right Fork > Joe's Valley > Central Utah > Utah,https://www.mountainproject.com/route/108982855/pimple,2.5,2,-1,Boulder,V6+,1,13,39.3136,-111.1871
Shindig Ripple Variation,The Perimeter > Right Fork > Joe's Valley > Central Utah > Utah,https://www.mountainproject.com/route/106996228/shindig-ripple-variation,2.4,14,-1,Boulder,V7-,1,,39.3136,-111.1871
Shindig,The Perimeter > Right Fork > Joe's Valley > Central Utah > Utah,https://www.mountainproject.com/route/106995977/shindig,3.4,86,-1,Boulder,V7,1,,39.3136,-111.1871
Thor's Hammer,The Perimeter > Right Fork > Joe's Valley > Central Utah > Utah,https://www.mountainproject.com/route/117636125/thors-hammer,3.9,76,-1,Boulder,V7,1,20,39.3136,-111.1871
Rash,The Perimeter > Right Fork > Joe's Valley > Central Utah > Utah,https://www.mountainproject.com/route/108982840/rash,2.3,3,-1,Boulder,V7+,1,13,39.3136,-111.1871
Loc-Nar,The Perimeter > Right Fork > Joe's Valley > Central Utah > Utah,https://www.mountainproject.com/route/112220690/loc-nar,3.7,15,-1,Boulder,V8,1,,39.3136,-111.1871
Death Proof,The Perimeter > Right Fork > Joe's Valley > Central Utah > Utah,https://www.mountainproject.com/route/114075062/death-proof,3.0,8,-1,Boulder,V8,1,20,39.3136,-111.1871
Fantasy Factory,The Perimeter > Right Fork > Joe's Valley > Central Utah > Utah,https://www.mountainproject.com/route/119553940/fantasy-factory,3.5,4,-1,Boulder,V8,1,18,39.3136,-111.1871
Playmate,The Perimeter > Right Fork > Joe's Valley > Central Utah > Utah,https://www.mountainproject.com/route/116753389/playmate,-1.0,0,-1,Boulder,V9 PG13,1,20,39.3136,-111.1871
Playmate of the Year,The Perimeter > Right Fork > Joe's Valley > Central Utah > Utah,https://www.mountainproject.com/route/107927233/playmate-of-the-year,3.7,33,-1,Boulder,V9,1,10,39.3136,-111.1871
Death Scream,The Perimeter > Right Fork > Joe's Valley > Central Utah > Utah,https://www.mountainproject.com/route/107385207/death-scream,3.3,36,-1,Boulder,V10-,1,15,39.3136,-111.1871
Battletoads,The Perimeter > Right Fork > Joe's Valley > Central Utah > Utah,https://www.mountainproject.com/route/107921777/battletoads,3.8,4,-1,Boulder,V10,1,13,39.3136,-111.1871
Eye of the Beholder,The Perimeter > Right Fork > Joe's Valley > Central Utah > Utah,https://www.mountainproject.com/route/107927247/eye-of-the-beholder,3.7,7,-1,Boulder,V10,1,14,39.3136,-111.1871
Barely Legal,The Perimeter > Right Fork > Joe's Valley > Central Utah > Utah,https://www.mountainproject.com/route/116757923/barely-legal,3.7,6,-1,Boulder,V11,1,12,39.3136,-111.1871
Slam Dunk,The Perimeter > Right Fork > Joe's Valley > Central Utah > Utah,https://www.mountainproject.com/route/125233781/slam-dunk,3.0,1,-1,Boulder,V11,1,10,39.3136,-111.1871
Chicken,Thighmaster > Right Fork > Joe's Valley > Central Utah > Utah,https://www.mountainproject.com/route/107517082/chicken,2.1,39,-1,Boulder,V1,1,,39.28194,-111.17537
Infomercial,Thighmaster > Right Fork > Joe's Valley > Central Utah > Utah,https://www.mountainproject.com/route/107517100/infomercial,1.7,27,-1,Boulder,V1-2,1,,39.28194,-111.17537
ShadWow,Thighmaster > Right Fork > Joe's Valley > Central Utah > Utah,https://www.mountainproject.com/route/108399575/shadwow,2.0,18,-1,Boulder,V2,1,12,39.28194,-111.17537
Ty-Dye,Thighmaster > Right Fork > Joe's Valley > Central Utah > Utah,https://www.mountainproject.com/route/108399592/ty-dye,1.5,13,-1,Boulder,V2,1,12,39.28194,-111.17537
Tim's Rash,Thighmaster > Right Fork > Joe's Valley > Central Utah > Utah,https://www.mountainproject.com/route/107517008/tims-rash,2.1,39,-1,Boulder,V4,1,12,39.28194,-111.17537
Thighmaster,Thighmaster > Right Fork > Joe's Valley > Central Utah > Utah,https://www.mountainproject.com/route/107517022/thighmaster,2.4,61,-1,Boulder,V5,1,12,39.28194,-111.17537
DK's Bulge,Dairy Canyon > Right Fork > Joe's Valley > Central Utah > Utah,https://www.mountainproject.com/route/107923858/dks-bulge,2.2,41,-1,Boulder,V1,1,15,39.3721,-111.22236
Change of Steaks,Dairy Canyon > Right Fork > Joe's Valley > Central Utah > Utah,https://www.mountainproject.com/route/115362460/change-of-steaks,2.7,6,-1,Boulder,V2,1,,39.3721,-111.22236
Utterrific,Dairy Canyon > Right Fork > Joe's Valley > Central Utah > Utah,https://www.mountainproject.com/route/120590041/utterrific,2.2,30,-1,Boulder,V2,1,10,39.3721,-111.22236
Vertical Limit,Dairy Canyon > Right Fork > Joe's Valley > Central Utah > Utah,https://www.mountainproject.com/route/121397070/vertical-limit,2.2,23,-1,Boulder,V3,1,12,39.3721,-111.22236
Milkstache,Dairy Canyon > Right Fork > Joe's Valley > Central Utah > Utah,https://www.mountainproject.com/route/108983037/milkstache,2.7,19,-1,Boulder,V3-4,1,14,39.3721,-111.22236
Wretch,Dairy Canyon > Right Fork > Joe's Valley > Central Utah > Utah,https://www.mountainproject.com/route/107938879/wretch,2.4,30,-1,Boulder,V4,1,16,39.3721,-111.22236
Cowboy,Dairy Canyon > Right Fork > Joe's Valley > Central Utah > Utah,https://www.mountainproject.com/route/107938928/cowboy,1.9,34,-1,Boulder,V4,1,16,39.3721,-111.22236
Trouff,Dairy Canyon > Right Fork > Joe's Valley > Central Utah > Utah,https://www.mountainproject.com/route/111218888/trouff,2.9,36,-1,Boulder,V4,1,14,39.3721,-111.22236
Smoke One Now,Dairy Canyon > Right Fork > Joe's Valley > Central Utah > Utah,https://www.mountainproject.com/route/111219083/smoke-one-now,2.5,6,-1,Boulder,V4,1,14,39.3721,-111.22236
Block Head,Dairy Canyon > Right Fork > Joe's Valley > Central Utah > Utah,https://www.mountainproject.com/route/127087690/block-head,2.7,3,-1,Boulder,V4,1,8,39.3721,-111.22236
Fun In The Dairy Air,Dairy Canyon > Right Fork > Joe's Valley > Central Utah > Utah,https://www.mountainproject.com/route/124324575/fun-in-the-dairy-air,4.0,1,-1,Boulder,V5,1,18,39.3721,-111.22236
2 Percent,Dairy Canyon > Right Fork > Joe's Valley > Central Utah > Utah,https://www.mountainproject.com/route/108983031/2-percent,2.5,17,-1,Boulder,V6-,1,14,39.3721,-111.22236
Smoke One Later,Dairy Canyon > Right Fork > Joe's Valley > Central Utah > Utah,https://www.mountainproject.com/route/111219145/smoke-one-later,2.6,5,-1,Boulder,V6-,1,14,39.3721,-111.22236
Owl Feet,Dairy Canyon > Right Fork > Joe's Valley > Central Utah > Utah,https://www.mountainproject.com/route/112224029/owl-feet,2.8,26,-1,Boulder,V6-,1,18,39.3721,-111.22236
Heffer,Dairy Canyon > Right Fork > Joe's Valley > Central Utah > Utah,https://www.mountainproject.com/route/108147893/heffer,2.5,53,-1,Boulder,V6,1,,39.3721,-111.22236
Scooby Snacks,Dairy Canyon > Right Fork > Joe's Valley > Central Utah > Utah,https://www.mountainproject.com/route/108348422/scooby-snacks,2.4,37,-1,Boulder,V6,1,,39.3721,-111.22236
Vortex,Dairy Canyon > Right Fork > Joe's Valley > Central Utah > Utah,https://www.mountainproject.com/route/109012987/vortex,2.7,43,-1,Boulder,V6,1,,39.3721,-111.22236
Rabbit Fur,Dairy Canyon > Right Fork > Joe's Valley > Central Utah > Utah,https://www.mountainproject.com/route/107918134/rabbit-fur,3.0,59,-1,Boulder,V6,1,17,39.3721,-111.22236
Vertical Ice,Dairy Canyon > Right Fork > Joe's Valley > Central Utah > Utah,https://www.mountainproject.com/route/107918149/vertical-ice,3.7,283,-1,Boulder,V6,1,17,39.3721,-111.22236
Cook the Patty,Dairy Canyon > Right Fork > Joe's Valley > Central Utah > Utah,https://www.mountainproject.com/route/107924870/cook-the-patty,3.4,77,-1,Boulder,V6,1,12,39.3721,-111.22236
Into the Gaping Anus,Dairy Canyon > Right Fork > Joe's Valley > Central Utah > Utah,https://www.mountainproject.com/route/110520196/into-the-gaping-anus,2.0,8,-1,Boulder,V6-7,1,10,39.3721,-111.22236
The Coaster,Dairy Canyon > Right Fork > Joe's Valley > Central Utah > Utah,https://www.mountainproject.com/route/107923836/the-coaster,3.1,67,-1,Boulder,V7-,1,15,39.3721,-111.22236
Baldwin Bash,Dairy Canyon > Right Fork > Joe's Valley > Central Utah > Utah,https://www.mountainproject.com/route/107649370/baldwin-bash,3.5,236,-1,Boulder,V7,1,12,39.3721,-111.22236
Udder Chaos,Dairy Canyon > Right Fork > Joe's Valley > Central Utah > Utah,https://www.mountainproject.com/route/122392902/udder-chaos,3.0,1,-1,Boulder,V7,1,,39.3721,-111.22236
Stir The Pie,Dairy Canyon > Right Fork > Joe's Valley > Central Utah > Utah,https://www.mountainproject.com/route/107918144/stir-the-pie,3.2,54,-1,Boulder,V7-8,1,12,39.3721,-111.22236
Milkman,Dairy Canyon > Right Fork > Joe's Valley > Central Utah > Utah,https://www.mountainproject.com/route/107918155/milkman,3.7,28,-1,Boulder,V8-,1,17,39.3721,-111.22236
Cow Bell,Dairy Canyon > Right Fork > Joe's Valley > Central Utah > Utah,https://www.mountainproject.com/route/107923634/cow-bell,2.9,53,-1,Boulder,V8,1,10,39.3721,-111.22236
Knezer Method,Dairy Canyon > Right Fork > Joe's Valley > Central Utah > Utah,https://www.mountainproject.com/route/121377051/knezer-method,2.3,3,-1,Boulder,V8,1,,39.3721,-111.22236
Milkman Sit,Dairy Canyon > Right Fork > Joe's Valley > Central Utah > Utah,https://www.mountainproject.com/route/120626773/milkman-sit,4.0,1,-1,Boulder,V10,1,20,39.3721,-111.22236
Lactation Station,Dairy Canyon > Right Fork > Joe's Valley > Central Utah > Utah,https://www.mountainproject.com/route/107918122/lactation-station,3.9,14,-1,Boulder,V10,1,13,39.3721,-111.22236
A War WIth Nature,Minute Man > Right Fork > Joe's Valley > Central Utah > Utah,https://www.mountainproject.com/route/108982887/a-war-with-nature,1.9,9,-1,Boulder,V5,1,10,39.32674,-111.19088
Minute Man,Minute Man > Right Fork > Joe's Valley > Central Utah > Utah,https://www.mountainproject.com/route/108384156/minute-man,2.8,11,-1,Boulder,V6,1,16,39.32674,-111.19088
V1 arete,Gunshot Area > Right Fork > Joe's Valley > Central Utah > Utah,https://www.mountainproject.com/route/108410027/v1-arete,1.9,7,-1,Boulder,V1,1,10,39.28711,-111.1794
Gunshot,Gunshot Area > Right Fork > Joe's Valley > Central Utah > Utah,https://www.mountainproject.com/route/108410014/gunshot,2.3,15,-1,Boulder,V3+,1,10,39.28711,-111.1794
Core Shot,Gunshot Area > Right Fork > Joe's Valley > Central Utah > Utah,https://www.mountainproject.com/route/111853169/core-shot,3.1,12,-1,Boulder,V4,1,11,39.28711,-111.1794
Gutshot,Gunshot Area > Right Fork > Joe's Valley > Central Utah > Utah,https://www.mountainproject.com/route/108409992/gutshot,2.6,31,-1,Boulder,V5-,1,10,39.28711,-111.1794
Pine,Oil Pump Area > Right Fork > Joe's Valley > Central Utah > Utah,https://www.mountainproject.com/route/109018791/pine,2.5,11,-1,Boulder,V4,1,14,39.34542,-111.20707
Spruce,Oil Pump Area > Right Fork > Joe's Valley > Central Utah > Utah,https://www.mountainproject.com/route/109018771/spruce,3.4,21,-1,Boulder,V5,1,14,39.34542,-111.20707
Water Paintings,ALL Area > Right Fork > Joe's Valley > Central Utah > Utah,https://www.mountainproject.com/route/109691183/water-paintings,3.8,126,-1,Boulder,V7-8,1,10,39.31017,-111.18539
The Late Bob Ross,ALL Area > Right Fork > Joe's Valley > Central Utah > Utah,https://www.mountainproject.com/route/123500444/the-late-bob-ross,3.4,5,-1,Boulder,V8-,1,10,39.31017,-111.18539
Zan's Girlfriend,ALL Area > Right Fork > Joe's Valley > Central Utah > Utah,https://www.mountainproject.com/route/120488456/zans-girlfriend,3.4,41,-1,Boulder,V8,1,,39.31017,-111.18539
Two Scoops in Every Box,The Cereal Blox > Right Fork > Joe's Valley > Central Utah > Utah,https://www.mountainproject.com/route/110101076/two-scoops-in-every-box,2.0,2,-1,Boulder,V4-,1,15,39.28625,-111.17875
Man of Equilibrium,Wave Boulder > Right Fork > Joe's Valley > Central Utah > Utah,https://www.mountainproject.com/route/110339209/man-of-equilibrium,2.0,1,-1,Boulder,V3-4,1,10,39.33238,-111.19645
Gods Hand,Wave Boulder > Right Fork > Joe's Valley > Central Utah > Utah,https://www.mountainproject.com/route/110335864/gods-hand,3.0,1,-1,Boulder,V5 PG13,1,14,39.33238,-111.19645
One Gold Toof,The Flu > Right Fork > Joe's Valley > Central Utah > Utah,https://www.mountainproject.com/route/127113663/one-gold-toof,2.7,3,-1,Boulder,V0,1,12,39.30035,-111.17682
Jug Mansion,The Flu > Right Fork > Joe's Valley > Central Utah > Utah,https://www.mountainproject.com/route/117780385/jug-mansion,2.4,27,-1,Boulder,V2,1,,39.30035,-111.17682
Rims Still Spinnin',The Flu > Right Fork > Joe's Valley > Central Utah > Utah,https://www.mountainproject.com/route/117780388/rims-still-spinnin,2.8,33,-1,Boulder,V3,1,,39.30035,-111.17682
Bendin' Corners,The Flu > Right Fork > Joe's Valley > Central Utah > Utah,https://www.mountainproject.com/route/117991691/bendin-corners,2.5,25,-1,Boulder,V3,1,,39.30035,-111.17682
Candy Paint,The Flu > Right Fork > Joe's Valley > Central Utah > Utah,https://www.mountainproject.com/route/120823324/candy-paint,3.6,37,-1,Boulder,V3,1,15,39.30035,-111.17682
Virus,The Flu > Right Fork > Joe's Valley > Central Utah > Utah,https://www.mountainproject.com/route/119816085/virus,2.0,5,-1,Boulder,V4,1,10,39.30035,-111.17682
El Huevo,The Flu > Right Fork > Joe's Valley > Central Utah > Utah,https://www.mountainproject.com/route/119816111/el-huevo,3.3,8,-1,Boulder,V4,1,12,39.30035,-111.17682
Between Two Worlds,The Flu > Right Fork > Joe's Valley > Central Utah > Utah,https://www.mountainproject.com/route/117780398/between-two-worlds,2.8,38,-1,Boulder,V5,1,,39.30035,-111.17682
Epidemic,The Flu > Right Fork > Joe's Valley > Central Utah > Utah,https://www.mountainproject.com/route/117780402/epidemic,2.0,38,-1,Boulder,V5,1,,39.30035,-111.17682
5% Tint,The Flu > Right Fork > Joe's Valley > Central Utah > Utah,https://www.mountainproject.com/route/118041884/5-tint,2.6,14,-1,Boulder,V5,1,,39.30035,-111.17682
Shadowboxing,The Flu > Right Fork > Joe's Valley > Central Utah > Utah,https://www.mountainproject.com/route/115461099/shadowboxing,2.8,17,-1,Boulder,V5-6,1,25,39.30035,-111.17682
Rawhide,The Flu > Right Fork > Joe's Valley > Central Utah > Utah,https://www.mountainproject.com/route/117780409/rawhide,2.8,53,-1,Boulder,V6,1,,39.30035,-111.17682
Reality Check,The Flu > Right Fork > Joe's Valley > Central Utah > Utah,https://www.mountainproject.com/route/118041877/reality-check,2.0,2,-1,Boulder,V6,1,,39.30035,-111.17682
Antigenic Drift,The Flu > Right Fork > Joe's Valley > Central Utah > Utah,https://www.mountainproject.com/route/119849869/antigenic-drift,2.3,3,-1,Boulder,V6,1,8,39.30035,-111.17682
Whiskey in a Tea Up,The Flu > Right Fork > Joe's Valley > Central Utah > Utah,https://www.mountainproject.com/route/113571030/whiskey-in-a-tea-up,3.0,6,-1,Boulder,V7-,1,,39.30035,-111.17682
Pandemic,The Flu > Right Fork > Joe's Valley > Central Utah > Utah,https://www.mountainproject.com/route/111829231/pandemic,3.6,89,-1,Boulder,V7,1,,39.30035,-111.17682
Kamikaze,The Flu > Right Fork > Joe's Valley > Central Utah > Utah,https://www.mountainproject.com/route/117780394/kamikaze,2.0,2,-1,Boulder,V7,1,,39.30035,-111.17682
Move'em Out,The Flu > Right Fork > Joe's Valley > Central Utah > Utah,https://www.mountainproject.com/route/117848169/moveem-out,3.1,8,-1,Boulder,V7,1,,39.30035,-111.17682
Sea Cow,The Flu > Right Fork > Joe's Valley > Central Utah > Utah,https://www.mountainproject.com/route/117872541/sea-cow,2.0,3,-1,Boulder,V7,1,,39.30035,-111.17682
The Flu,The Flu > Right Fork > Joe's Valley > Central Utah > Utah,https://www.mountainproject.com/route/112318328/the-flu,3.9,120,-1,Boulder,V7-8,1,,39.30035,-111.17682
White Buffalo,The Flu > Right Fork > Joe's Valley > Central Utah > Utah,https://www.mountainproject.com/route/116798462/white-buffalo,3.6,19,-1,Boulder,V8,1,12,39.30035,-111.17682
Bumble Bee Tuna,The Flu > Right Fork > Joe's Valley > Central Utah > Utah,https://www.mountainproject.com/route/119572076/bumble-bee-tuna,2.8,9,-1,Boulder,V8,1,10,39.30035,-111.17682
7 Year Cicada,The Flu > Right Fork > Joe's Valley > Central Utah > Utah,https://www.mountainproject.com/route/121577406/7-year-cicada,3.7,3,-1,Boulder,V9,1,15,39.30035,-111.17682
Glock 9 Handy,The Flu > Right Fork > Joe's Valley > Central Utah > Utah,https://www.mountainproject.com/route/112318370/glock-9-handy,3.8,15,-1,Boulder,V9,1,,39.30035,-111.17682
Hidden Dragon,Hidden Dragon > Right Fork > Joe's Valley > Central Utah > Utah,https://www.mountainproject.com/route/112281263/hidden-dragon,3.1,8,-1,Boulder,V6,1,,39.32147,-111.18842
Nugget Man,Kung Fu Theatre > Right Fork > Joe's Valley > Central Utah > Utah,https://www.mountainproject.com/route/113849521/nugget-man,3.7,6,-1,Boulder,V-easy,1,,39.31356,-111.18238
Grasshopper,Kung Fu Theatre > Right Fork > Joe's Valley > Central Utah > Utah,https://www.mountainproject.com/route/113847752/grasshopper,1.0,1,-1,Boulder,V3,1,,39.31356,-111.18238
Bruce Leroy,Kung Fu Theatre > Right Fork > Joe's Valley > Central Utah > Utah,https://www.mountainproject.com/route/113847811/bruce-leroy,1.0,1,-1,Boulder,V3,1,,39.31356,-111.18238
Fortune Cookie,Kung Fu Theatre > Right Fork > Joe's Valley > Central Utah > Utah,https://www.mountainproject.com/route/113849313/fortune-cookie,3.0,2,-1,Boulder,V3,1,,39.31356,-111.18238
Shanghai Joe,Kung Fu Theatre > Right Fork > Joe's Valley > Central Utah > Utah,https://www.mountainproject.com/route/113847832/shanghai-joe,3.0,2,-1,Boulder,V4,1,,39.31356,-111.18238
Sumo Slab,Kung Fu Theatre > Right Fork > Joe's Valley > Central Utah > Utah,https://www.mountainproject.com/route/113848188/sumo-slab,2.0,1,-1,Boulder,V4,1,,39.31356,-111.18238
Shaolin Slab,Kung Fu Theatre > Right Fork > Joe's Valley > Central Utah > Utah,https://www.mountainproject.com/route/113851289/shaolin-slab,3.0,1,-1,Boulder,V4,1,,39.31356,-111.18238
Gibby,Kung Fu Theatre > Right Fork > Joe's Valley > Central Utah > Utah,https://www.mountainproject.com/route/116378139/gibby,4.0,1,-1,Boulder,V5,1,15,39.31356,-111.18238
Master Po,Kung Fu Theatre > Right Fork > Joe's Valley > Central Utah > Utah,https://www.mountainproject.com/route/113847861/master-po,3.2,6,-1,Boulder,V6,1,,39.31356,-111.18238
5 Deadly Venoms,Kung Fu Theatre > Right Fork > Joe's Valley > Central Utah > Utah,https://www.mountainproject.com/route/113847957/5-deadly-venoms,3.0,1,-1,Boulder,V6,1,,39.31356,-111.18238
Kung Fu Theatre,Kung Fu Theatre > Right Fork > Joe's Valley > Central Utah > Utah,https://www.mountainproject.com/route/113847907/kung-fu-theatre,3.5,6,-1,Boulder,V7,1,,39.31356,-111.18238
Ninja Please,Kung Fu Theatre > Right Fork > Joe's Valley > Central Utah > Utah,https://www.mountainproject.com/route/113849326/ninja-please,4.0,1,-1,Boulder,V7,1,,39.31356,-111.18238
Master Splinter,Kung Fu Theatre > Right Fork > Joe's Valley > Central Utah > Utah,https://www.mountainproject.com/route/113847883/master-splinter,4.0,1,-1,Boulder,V8,1,,39.31356,-111.18238
Grand Master,Kung Fu Theatre > Right Fork > Joe's Valley > Central Utah > Utah,https://www.mountainproject.com/route/113847979/grand-master,4.0,1,-1,Boulder,V8,1,,39.31356,-111.18238
Zatoichi,Kung Fu Theatre > Right Fork > Joe's Valley > Central Utah > Utah,https://www.mountainproject.com/route/113848021/zatoichi,4.0,3,-1,Boulder,V8,1,,39.31356,-111.18238
Drunken Master,Kung Fu Theatre > Right Fork > Joe's Valley > Central Utah > Utah,https://www.mountainproject.com/route/113848138/drunken-master,3.0,1,-1,Boulder,V9,1,,39.31356,-111.18238
Dungeon Master,Kung Fu Theatre > Right Fork > Joe's Valley > Central Utah > Utah,https://www.mountainproject.com/route/113849264/dungeon-master,4.0,2,-1,Boulder,V9,1,,39.31356,-111.18238
Kung Fury,Kung Fu Theatre > Right Fork > Joe's Valley > Central Utah > Utah,https://www.mountainproject.com/route/113848082/kung-fury,4.0,1,-1,Boulder,V10,1,,39.31356,-111.18238
The Demogorgon,Kung Fu Theatre > Right Fork > Joe's Valley > Central Utah > Utah,https://www.mountainproject.com/route/113849270/the-demogorgon,4.0,3,-1,Boulder,V11,1,,39.31356,-111.18238
Entropic Heat Death,Kung Fu Theatre > Right Fork > Joe's Valley > Central Utah > Utah,https://www.mountainproject.com/route/113849290/entropic-heat-death,4.0,1,-1,Boulder,V12,1,,39.31356,-111.18238
FMDD,Smile Boulder > Right Fork > Joe's Valley > Central Utah > Utah,https://www.mountainproject.com/route/116757955/fmdd,1.0,1,-1,Boulder,V3-4,1,15,39.3232,-111.19125
One Armed Bandit,Smile Boulder > Right Fork > Joe's Valley > Central Utah > Utah,https://www.mountainproject.com/route/127213234/one-armed-bandit,2.8,4,-1,Boulder,V4,1,,39.3232,-111.19125
Rebox with the straps,Smile Boulder > Right Fork > Joe's Valley > Central Utah > Utah,https://www.mountainproject.com/route/116756780/rebox-with-the-straps,1.5,4,-1,Boulder,V7,1,10,39.3232,-111.19125
Slot Machine,Smile Boulder > Right Fork > Joe's Valley > Central Utah > Utah,https://www.mountainproject.com/route/123385278/slot-machine,3.2,13,-1,Boulder,V8,1,12,39.3232,-111.19125
Loose Slots,Smile Boulder > Right Fork > Joe's Valley > Central Utah > Utah,https://www.mountainproject.com/route/126046317/loose-slots,3.3,3,-1,Boulder,V8,1,,39.3232,-111.19125
Apple Bottom Jeans,Smile Boulder > Right Fork > Joe's Valley > Central Utah > Utah,https://www.mountainproject.com/route/114202067/apple-bottom-jeans,3.8,12,-1,Boulder,V10,1,12,39.3232,-111.19125
BMOS (beat me off Scotty),Smile Boulder > Right Fork > Joe's Valley > Central Utah > Utah,https://www.mountainproject.com/route/114202094/bmos-beat-me-off-scotty,3.4,5,-1,Boulder,V10,1,12,39.3232,-111.19125
Boots with the Fur,Smile Boulder > Right Fork > Joe's Valley > Central Utah > Utah,https://www.mountainproject.com/route/114202162/boots-with-the-fur,4.0,5,-1,Boulder,V10,1,12,39.3232,-111.19125
Sleeping Slab,Outer Limits > Right Fork > Joe's Valley > Central Utah > Utah,https://www.mountainproject.com/route/117827274/sleeping-slab,2.0,1,-1,Boulder,V3,1,12,39.31641,-111.18417
All Black Everything,Outer Limits > Right Fork > Joe's Valley > Central Utah > Utah,https://www.mountainproject.com/route/117826997/all-black-everything,3.0,2,-1,Boulder,V5,1,8,39.31641,-111.18417
Two Birds Flying,Outer Limits > Right Fork > Joe's Valley > Central Utah > Utah,https://www.mountainproject.com/route/117827206/two-birds-flying,2.0,1,-1,Boulder,V6,1,8,39.31641,-111.18417
Speak of the Devil,Outer Limits > Right Fork > Joe's Valley > Central Utah > Utah,https://www.mountainproject.com/route/117827019/speak-of-the-devil,3.0,1,-1,Boulder,V7,1,8,39.31641,-111.18417
Mononoke,Outer Limits > Right Fork > Joe's Valley > Central Utah > Utah,https://www.mountainproject.com/route/117827111/mononoke,4.0,1,-1,Boulder,V7,1,15,39.31641,-111.18417
Witchfinder General,Outer Limits > Right Fork > Joe's Valley > Central Utah > Utah,https://www.mountainproject.com/route/117827174/witchfinder-general,4.0,2,-1,Boulder,V7,1,20,39.31641,-111.18417
Three Amigos,Outer Limits > Right Fork > Joe's Valley > Central Utah > Utah,https://www.mountainproject.com/route/117827050/three-amigos,4.0,1,-1,Boulder,V8,1,10,39.31641,-111.18417
Mr. Crowley,Outer Limits > Right Fork > Joe's Valley > Central Utah > Utah,https://www.mountainproject.com/route/117827136/mr-crowley,3.3,3,-1,Boulder,V8,1,18,39.31641,-111.18417
Thorax,Big Spud > Right Fork > Joe's Valley > Central Utah > Utah,https://www.mountainproject.com/route/119650252/thorax,2.7,3,-1,Boulder,V1,1,10,39.31826,-111.18803
Spittoon,Big Spud > Right Fork > Joe's Valley > Central Utah > Utah,https://www.mountainproject.com/route/119650316/spittoon,2.5,2,-1,Boulder,V4,1,12,39.31826,-111.18803
Phallacy,Big Spud > Right Fork > Joe's Valley > Central Utah > Utah,https://www.mountainproject.com/route/118108523/phallacy,3.8,4,-1,Boulder,V4-5 PG13,1,25,39.31826,-111.18803
Yukon Gold,Big Spud > Right Fork > Joe's Valley > Central Utah > Utah,https://www.mountainproject.com/route/118108577/yukon-gold,3.0,2,-1,Boulder,V4-5 PG13,1,25,39.31826,-111.18803
Barnacles,Big Spud > Right Fork > Joe's Valley > Central Utah > Utah,https://www.mountainproject.com/route/118108601/barnacles,2.0,2,-1,Boulder,V6,1,25,39.31826,-111.18803
Last Chance To Dance Trance,Big Spud > Right Fork > Joe's Valley > Central Utah > Utah,https://www.mountainproject.com/route/118108545/last-chance-to-dance-trance,3.7,3,-1,Boulder,V7 PG13,1,25,39.31826,-111.18803
Flash Flood,Simple Twist of Fate Boulder > Right Fork > Joe's Valley > Central Utah > Utah,https://www.mountainproject.com/route/125924896/flash-flood,3.0,1,-1,Boulder,V10-,1,,39.29334,-111.18048
Simple Twist of Fate,Simple Twist of Fate Boulder > Right Fork > Joe's Valley > Central Utah > Utah,https://www.mountainproject.com/route/119835496/simple-twist-of-fate,4.0,4,-1,Boulder,V10,1,9,39.29334,-111.18048
Brenda,Brendan > Right Fork > Joe's Valley > Central Utah > Utah,https://www.mountainproject.com/route/120072575/brenda,2.0,1,-1,Boulder,V8,1,15,39.37349,-111.21935
Brendan/Fuck You Have A Nice Day,Brendan > Right Fork > Joe's Valley > Central Utah > Utah,https://www.mountainproject.com/route/119979427/brendanfuck-you-have-a-nice-day,3.0,2,-1,Boulder,V10-,1,15,39.37349,-111.21935
Black #1,Brendan > Right Fork > Joe's Valley > Central Utah > Utah,https://www.mountainproject.com/route/119979436/black-1,4.0,2,-1,Boulder,V12,1,15,39.37349,-111.21935
Frozen Beagle,Counter Clockwork > Right Fork > Joe's Valley > Central Utah > Utah,https://www.mountainproject.com/route/125258050/frozen-beagle,3.0,1,-1,Boulder,V1 PG13,1,20,39.30561,-111.18392
Warm Doodle,Counter Clockwork > Right Fork > Joe's Valley > Central Utah > Utah,https://www.mountainproject.com/route/125258097/warm-doodle,3.0,1,-1,Boulder,V3 PG13,1,20,39.30561,-111.18392
Cannoli Bee,Counter Clockwork > Right Fork > Joe's Valley > Central Utah > Utah,https://www.mountainproject.com/route/123368287/cannoli-bee,3.0,1,-1,Boulder,V5,1,11,39.30561,-111.18392
Counter Clockwork,Counter Clockwork > Right Fork > Joe's Valley > Central Utah > Utah,https://www.mountainproject.com/route/119984291/counter-clockwork,4.0,4,-1,Boulder,V11,1,15,39.30561,-111.18392
Clock Work Left  (SDS),Counter Clockwork > Right Fork > Joe's Valley > Central Utah > Utah,https://www.mountainproject.com/route/120485210/clock-work-left-sds,4.0,1,-1,Boulder,V12,1,,39.30561,-111.18392
CCChimney,Reservoir Area > Joe's Valley > Central Utah > Utah,https://www.mountainproject.com/route/120334940/ccchimney,3.0,1,-1,Boulder,V-easy,1,12,39.29612,-111.27218
Fish Jam,Reservoir Area > Joe's Valley > Central Utah > Utah,https://www.mountainproject.com/route/119276113/fish-jam,3.0,1,-1,Boulder,V0,1,15,39.29612,-111.27218